Geneid	Chr	Start	End	Strand	Length	gene_type	gene_name	S18
ENSG00000000001	chr4	464881	479012	-	6726	snoRNA	GENE1	40
ENSG00000000002	chr22	28244904	28252696	+	1911	protein_coding	GENE2	1
ENSG00000000003	chr14	68195611	68206254	+	1573	protein_coding	GENE3	8
ENSG00000000004	chr6	84426746	84431763	+	3223	protein_coding	GENE4	19
ENSG00000000005	chr10	12660691	12670276	+	4286	protein_coding	GENE5	33
ENSG00000000006	chr11	28943491	28955489	-	7413	lncRNA	GENE6	29
ENSG00000000007	chr13	43551052	43564854	+	7788	protein_coding	GENE7	16
ENSG00000000008	chr12	42710491	42721950	-	6669	snoRNA	GENE8	12
ENSG00000000009	chr14	1285177	1298623	-	6107	protein_coding	GENE9	0
ENSG00000000010	chr22	38827104	38835670	+	7540	protein_coding	GENE10	22
ENSG00000000011	chr14	21336214	21341614	+	926	protein_coding	GENE11	21
ENSG00000000012	chr15	21427937	21436470	-	6167	protein_coding	GENE12	15
ENSG00000000013	chr18	59908053	59920773	-	7594	lncRNA	GENE13	7
ENSG00000000014	chr17	66575758	66585737	+	6266	protein_coding	GENE14	5
ENSG00000000015	chr6	33373391	33389489	+	5436	protein_coding	GENE15	13
ENSG00000000016	chr22	58445011	58455195	+	3951	protein_coding	GENE16	4
ENSG00000000017	chr18	5810435	5816909	+	3389	protein_coding	GENE17	15
ENSG00000000018	chr3	40866747	40876654	+	3353	protein_coding	GENE18	15
ENSG00000000019	chr13	53767757	53776056	-	5145	snoRNA	GENE19	11
ENSG00000000020	chr9	69033102	69045082	-	2459	protein_coding	GENE20	1
ENSG00000000021	chr14	84359795	84367301	-	1621	protein_coding	GENE21	107
ENSG00000000022	chrX	17527026	17535910	+	3030	protein_coding	GENE22	69
ENSG00000000023	chr11	88598579	88607434	+	1011	snoRNA	GENE23	7
ENSG00000000024	chr12	45725019	45740365	+	7005	miRNA	GENE24	6
ENSG00000000025	chr9	87191431	87198482	-	2579	snoRNA	GENE25	20
ENSG00000000026	chr16	41902346	41911631	-	3354	protein_coding	GENE26	33
ENSG00000000027	chr14	1703098	1711125	+	5949	protein_coding	GENE27	38
ENSG00000000028	chr17	60850706	60865264	-	7041	protein_coding	GENE28	32
ENSG00000000029	chr16	10805200	10814138	+	2149	snoRNA	GENE29	21
ENSG00000000030	chr2	50132141	50142266	+	3542	protein_coding	GENE30	59
ENSG00000000031	chr20	71136810	71149012	-	4327	protein_coding	GENE31	53
ENSG00000000032	chrX	55282586	55292643	-	5040	protein_coding	GENE32	17
ENSG00000000033	chr2	1333805	1338551	+	971	protein_coding	GENE33	22
ENSG00000000034	chr5	45916086	45930403	-	7152	protein_coding	GENE34	7
ENSG00000000035	chr20	86257652	86269821	-	6539	protein_coding	GENE35	3
ENSG00000000036	chrX	23997736	24009904	+	7083	lncRNA	GENE36	91
ENSG00000000037	chr10	366415	381437	+	5471	protein_coding	GENE37	10
ENSG00000000038	chr7	54258166	54266094	+	5241	lncRNA	GENE38	70
ENSG00000000039	chr11	53791762	53799537	-	774	lncRNA	GENE39	5
ENSG00000000040	chr8	11549809	11561771	+	3608	protein_coding	GENE40	12
ENSG00000000041	chr16	20691828	20701452	-	6803	lncRNA	GENE41	2
ENSG00000000042	chr11	71274989	71291115	+	5445	protein_coding	GENE42	10
ENSG00000000043	chr17	14176032	14181816	-	3806	lncRNA	GENE43	17
ENSG00000000044	chr1	49230535	49238841	-	2711	protein_coding	GENE44	8
ENSG00000000045	chr19	76090303	76100788	+	6301	miRNA	GENE45	46
ENSG00000000046	chr19	33662831	33667299	-	716	protein_coding	GENE46	102
ENSG00000000047	chr13	45824137	45832588	+	5951	protein_coding	GENE47	33
ENSG00000000048	chr15	227523	234188	+	1237	lncRNA	GENE48	3
ENSG00000000049	chr4	86909540	86916507	+	4160	lncRNA	GENE49	46
ENSG00000000050	chr22	50614281	50627229	-	5472	snRNA	GENE50	6
ENSG00000000051	chr18	25706567	25712419	-	2243	protein_coding	GENE51	17
ENSG00000000052	chr8	58956872	58963799	-	640	protein_coding	GENE52	5
ENSG00000000053	chr12	89984601	89991978	+	4710	lncRNA	GENE53	11
ENSG00000000054	chr22	65834875	65850257	-	7333	protein_coding	GENE54	12
ENSG00000000055	chr20	74450625	74462658	-	5947	protein_coding	GENE55	4
ENSG00000000056	chr18	1782344	1791699	+	2819	protein_coding	GENE56	31
ENSG00000000057	chr7	38508544	38520671	+	5454	protein_coding	GENE57	23
ENSG00000000058	chr11	39125169	39129226	-	2934	protein_coding	GENE58	41
ENSG00000000059	chr5	20236117	20240253	+	1831	protein_coding	GENE59	10
ENSG00000000060	chr3	41336604	41346701	-	1716	protein_coding	GENE60	26
ENSG00000000061	chr16	23521207	23527767	-	4336	protein_coding	GENE61	112
ENSG00000000062	chr8	13220290	13230029	-	6091	protein_coding	GENE62	7
ENSG00000000063	chr21	12020337	12032571	-	6521	lncRNA	GENE63	9
ENSG00000000064	chr12	3120931	3131807	+	4975	protein_coding	GENE64	8
ENSG00000000065	chr6	87102007	87111762	+	2548	protein_coding	GENE65	45
ENSG00000000066	chr15	70738543	70749129	+	7522	protein_coding	GENE66	48
ENSG00000000067	chr13	45795333	45804222	+	7999	protein_coding	GENE67	20
ENSG00000000068	chr14	19783481	19788982	+	2525	protein_coding	GENE68	35
ENSG00000000069	chr21	44174881	44189221	+	7206	protein_coding	GENE69	89
ENSG00000000070	chr2	57686204	57697460	-	5662	protein_coding	GENE70	74
ENSG00000000071	chr15	57214775	57223645	+	3529	protein_coding	GENE71	61
ENSG00000000072	chr9	47416265	47426902	-	2642	protein_coding	GENE72	20
ENSG00000000073	chr2	76152312	76159948	+	1971	lncRNA	GENE73	38
ENSG00000000074	chr21	53424900	53435285	+	4638	protein_coding	GENE74	19
ENSG00000000075	chr3	19707419	19716513	-	4845	protein_coding	GENE75	19
ENSG00000000076	chr1	12951068	12962530	-	2462	protein_coding	GENE76	160
ENSG00000000077	chr22	25588165	25597619	+	3450	protein_coding	GENE77	21
ENSG00000000078	chr2	706692	719026	+	6315	protein_coding	GENE78	50
ENSG00000000079	chr20	61210044	61216677	-	2480	protein_coding	GENE79	2
ENSG00000000080	chr2	42168602	42177835	+	5549	miRNA	GENE80	3
ENSG00000000081	chr21	42274186	42278679	-	844	lncRNA	GENE81	26
ENSG00000000082	chr12	39353782	39363404	+	1086	lncRNA	GENE82	45
ENSG00000000083	chr4	3985527	3997634	+	7220	protein_coding	GENE83	135
ENSG00000000084	chr19	58645794	58658633	+	6866	protein_coding	GENE84	15
ENSG00000000085	chr1	57369015	57381130	+	6536	protein_coding	GENE85	15
ENSG00000000086	chr14	26344511	26351688	+	5341	protein_coding	GENE86	25
ENSG00000000087	chr13	68353404	68363364	-	2404	protein_coding	GENE87	8
ENSG00000000088	chr22	15300929	15314549	+	5963	lncRNA	GENE88	12
ENSG00000000089	chr4	44040990	44049023	+	2926	protein_coding	GENE89	10
ENSG00000000090	chr14	47381218	47393723	+	5055	protein_coding	GENE90	21
ENSG00000000091	chr8	24851483	24860965	+	3192	protein_coding	GENE91	20
ENSG00000000092	chr9	80909628	80915011	+	626	protein_coding	GENE92	4
ENSG00000000093	chr2	76302908	76313039	-	6591	miRNA	GENE93	42
ENSG00000000094	chr3	15700786	15711627	+	6099	protein_coding	GENE94	30
ENSG00000000095	chr13	4937095	4945427	-	4951	protein_coding	GENE95	28
ENSG00000000096	chr17	2896555	2901226	+	1239	protein_coding	GENE96	138
ENSG00000000097	chr1	6443130	6450157	-	5288	protein_coding	GENE97	47
ENSG00000000098	chr8	11198826	11205155	-	892	protein_coding	GENE98	51
ENSG00000000099	chr4	80686847	80697070	+	4671	lncRNA	GENE99	6
ENSG00000000100	chr2	14577808	14587158	+	7895	protein_coding	GENE100	5
ENSG00000000101	chr20	78288997	78296305	-	2260	protein_coding	GENE101	2
ENSG00000000102	chr3	20394340	20400646	+	1183	protein_coding	GENE102	3
ENSG00000000103	chrX	62260793	62271642	-	7876	protein_coding	GENE103	15
ENSG00000000104	chr14	1922857	1929036	+	4081	protein_coding	GENE104	19
ENSG00000000105	chr9	22657720	22670687	-	6744	protein_coding	GENE105	80
ENSG00000000106	chr1	44484599	44489122	+	974	protein_coding	GENE106	4
ENSG00000000107	chr19	60839234	60848961	-	4903	snRNA	GENE107	16
ENSG00000000108	chr1	77111399	77118794	-	1035	protein_coding	GENE108	8
ENSG00000000109	chr3	16546609	16550317	+	2488	lncRNA	GENE109	33
ENSG00000000110	chr14	1259025	1268553	-	1679	protein_coding	GENE110	60
ENSG00000000111	chr6	77891151	77900543	-	2906	protein_coding	GENE111	7
ENSG00000000112	chr12	66185176	66189541	+	1496	protein_coding	GENE112	76
ENSG00000000113	chr7	22168294	22175186	+	2527	protein_coding	GENE113	9
ENSG00000000114	chr7	29263843	29269786	+	5108	protein_coding	GENE114	26
ENSG00000000115	chr9	42102350	42107533	-	2521	protein_coding	GENE115	24
ENSG00000000116	chr7	42178966	42186778	-	2292	protein_coding	GENE116	62
ENSG00000000117	chr13	293255	303451	-	7561	protein_coding	GENE117	52
ENSG00000000118	chr21	27677454	27683624	-	1056	lncRNA	GENE118	12
ENSG00000000119	chrX	86130056	86136239	-	4038	protein_coding	GENE119	10
ENSG00000000120	chr21	49289315	49298027	+	6493	lncRNA	GENE120	172
ENSG00000000121	chr18	40553909	40566204	+	6426	protein_coding	GENE121	3
ENSG00000000122	chr2	81545800	81549998	+	1649	protein_coding	GENE122	47
ENSG00000000123	chr14	758769	767391	+	4688	protein_coding	GENE123	103
ENSG00000000124	chr18	2029936	2043615	+	5028	protein_coding	GENE124	2
ENSG00000000125	chr21	33993499	34004649	-	6366	protein_coding	GENE125	38
ENSG00000000126	chr22	84231625	84234501	+	1109	protein_coding	GENE126	14
ENSG00000000127	chr21	22882097	22887705	-	1001	lncRNA	GENE127	8
ENSG00000000128	chr19	34753350	34763385	+	5925	protein_coding	GENE128	9
ENSG00000000129	chr8	46801038	46809390	-	6177	protein_coding	GENE129	43
ENSG00000000130	chr19	81696348	81705922	-	2212	protein_coding	GENE130	53
ENSG00000000131	chr6	22290285	22301100	-	5421	lncRNA	GENE131	38
ENSG00000000132	chr11	64489745	64501314	-	4462	lncRNA	GENE132	55
ENSG00000000133	chr3	5682981	5692493	-	831	lncRNA	GENE133	2
ENSG00000000134	chr22	57694487	57698736	+	2666	protein_coding	GENE134	10
ENSG00000000135	chr15	2910379	2915733	+	959	lncRNA	GENE135	10
ENSG00000000136	chr9	84641629	84655139	-	6155	protein_coding	GENE136	38
ENSG00000000137	chr9	57349561	57354932	-	2503	lncRNA	GENE137	7
ENSG00000000138	chr1	12836160	12842903	+	4764	lncRNA	GENE138	3
ENSG00000000139	chr12	84093041	84100564	-	4664	lncRNA	GENE139	22
ENSG00000000140	chr18	88670066	88683538	-	7487	lncRNA	GENE140	5
ENSG00000000141	chr5	43990191	43999524	+	5372	protein_coding	GENE141	19
ENSG00000000142	chr12	37514767	37524692	+	5916	protein_coding	GENE142	18
ENSG00000000143	chr7	89045360	89053444	+	4499	protein_coding	GENE143	1
ENSG00000000144	chr4	76837174	76848598	+	6955	protein_coding	GENE144	7
ENSG00000000145	chr13	79493851	79506553	-	4655	protein_coding	GENE145	13
ENSG00000000146	chr21	77671091	77680810	-	1795	protein_coding	GENE146	59
ENSG00000000147	chr6	68427671	68439529	-	7285	protein_coding	GENE147	21
ENSG00000000148	chr14	70211392	70223550	+	3205	miRNA	GENE148	5
ENSG00000000149	chr5	2558273	2566026	+	2208	protein_coding	GENE149	196
ENSG00000000150	chr8	12054936	12061727	-	4696	snRNA	GENE150	171
ENSG00000000151	chr1	72268791	72284726	-	7941	protein_coding	GENE151	45
ENSG00000000152	chr22	73387945	73396508	+	3045	miRNA	GENE152	23
ENSG00000000153	chr3	5633047	5638180	+	2217	protein_coding	GENE153	24
ENSG00000000154	chrY	8381831	8385115	-	1607	protein_coding	GENE154	31
ENSG00000000155	chr7	74838598	74849397	-	7801	protein_coding	GENE155	48
ENSG00000000156	chr1	76321014	76336177	+	6927	lncRNA	GENE156	28
ENSG00000000157	chr6	36439539	36449059	+	4397	protein_coding	GENE157	2
ENSG00000000158	chr3	51172781	51188512	-	6204	lncRNA	GENE158	12
ENSG00000000159	chr9	88662466	88674235	-	4664	snoRNA	GENE159	1
ENSG00000000160	chr13	41600938	41609984	-	6070	lncRNA	GENE160	4
ENSG00000000161	chr3	63063124	63070984	+	1778	protein_coding	GENE161	41
ENSG00000000162	chr2	74854755	74864426	-	6308	lncRNA	GENE162	44
ENSG00000000163	chr1	27762115	27772062	+	4945	protein_coding	GENE163	17
ENSG00000000164	chrX	32408978	32414659	-	1088	protein_coding	GENE164	14
ENSG00000000165	chr18	53011242	53021630	+	2642	protein_coding	GENE165	21
ENSG00000000166	chr16	61217788	61225613	+	4579	protein_coding	GENE166	28
ENSG00000000167	chr10	84346438	84355592	+	2397	protein_coding	GENE167	27
ENSG00000000168	chr19	51438644	51442289	+	1320	lncRNA	GENE168	242
ENSG00000000169	chr1	73282305	73287365	+	3993	protein_coding	GENE169	4
ENSG00000000170	chr7	70867345	70874649	+	2986	protein_coding	GENE170	24
ENSG00000000171	chr21	18668784	18674454	+	2478	protein_coding	GENE171	10
ENSG00000000172	chr22	82531401	82541332	+	4648	lncRNA	GENE172	122
ENSG00000000173	chr16	14472936	14477424	-	1705	protein_coding	GENE173	5
ENSG00000000174	chr21	52506989	52521096	-	5419	protein_coding	GENE174	34
ENSG00000000175	chr2	37157378	37166513	+	6525	protein_coding	GENE175	34
ENSG00000000176	chrX	83592108	83600087	-	6196	protein_coding	GENE176	13
ENSG00000000177	chr21	6253438	6260268	-	1944	protein_coding	GENE177	8
ENSG00000000178	chr5	43362709	43371975	-	7745	protein_coding	GENE178	4
ENSG00000000179	chr7	23043798	23057429	+	4893	protein_coding	GENE179	22
ENSG00000000180	chr2	89907564	89917957	+	6417	snoRNA	GENE180	117
ENSG00000000181	chr13	89408760	89413581	+	2989	snRNA	GENE181	28
ENSG00000000182	chr15	46089386	46097170	-	4082	protein_coding	GENE182	11
ENSG00000000183	chr6	6985963	6998794	-	7885	protein_coding	GENE183	34
ENSG00000000184	chr21	40165501	40176606	+	2846	miRNA	GENE184	29
ENSG00000000185	chr22	32210813	32222583	+	7866	protein_coding	GENE185	12
ENSG00000000186	chr18	23221636	23229959	-	5365	protein_coding	GENE186	14
ENSG00000000187	chr12	22261209	22273289	+	4290	protein_coding	GENE187	125
ENSG00000000188	chr3	37381868	37391946	-	5239	protein_coding	GENE188	20
ENSG00000000189	chr22	38967275	38980296	+	6314	lncRNA	GENE189	3
ENSG00000000190	chr16	88016664	88023237	-	716	protein_coding	GENE190	6
ENSG00000000191	chr8	18890608	18900236	-	7388	protein_coding	GENE191	7
ENSG00000000192	chr12	81844172	81851837	+	2092	protein_coding	GENE192	9
ENSG00000000193	chr16	82344559	82353167	-	6702	lncRNA	GENE193	8
ENSG00000000194	chrY	83147172	83158752	-	3252	protein_coding	GENE194	98
ENSG00000000195	chr11	53535312	53539845	-	1100	protein_coding	GENE195	40
ENSG00000000196	chr8	67586461	67592593	-	1798	protein_coding	GENE196	47
ENSG00000000197	chr17	25898739	25913296	-	6607	protein_coding	GENE197	28
ENSG00000000198	chr6	8691099	8707456	+	7685	miRNA	GENE198	66
ENSG00000000199	chr7	27096499	27104995	-	896	protein_coding	GENE199	22
ENSG00000000200	chr4	622792	631514	+	6023	protein_coding	GENE200	36
ENSG00000000201	chr22	9311778	9321694	+	7707	protein_coding	GENE201	34
ENSG00000000202	chr1	75750288	75757618	-	5865	lncRNA	GENE202	9
ENSG00000000203	chr5	61838482	61845309	-	2963	protein_coding	GENE203	8
ENSG00000000204	chr13	49803570	49817366	+	5360	protein_coding	GENE204	15
ENSG00000000205	chr21	52375609	52385495	-	7090	protein_coding	GENE205	15
ENSG00000000206	chr2	87058961	87068162	+	5261	lncRNA	GENE206	19
ENSG00000000207	chr20	26989014	26996472	-	4518	protein_coding	GENE207	5
ENSG00000000208	chr14	58763067	58776428	+	7743	protein_coding	GENE208	26
ENSG00000000209	chr13	49975464	49982218	-	5803	protein_coding	GENE209	14
ENSG00000000210	chr18	16806756	16813618	-	4578	protein_coding	GENE210	11
ENSG00000000211	chr1	83284179	83287996	-	1540	protein_coding	GENE211	9
ENSG00000000212	chr12	57883865	57902372	-	7086	protein_coding	GENE212	118
ENSG00000000213	chr21	68756350	68765687	+	7298	lncRNA	GENE213	15
ENSG00000000214	chr2	54321896	54328714	+	1518	protein_coding	GENE214	35
ENSG00000000215	chrX	11604681	11616027	+	6514	lncRNA	GENE215	26
ENSG00000000216	chr1	36616287	36619008	+	750	protein_coding	GENE216	4
ENSG00000000217	chr19	21969700	21979275	+	1523	lncRNA	GENE217	11
ENSG00000000218	chr12	87697360	87711575	-	6367	protein_coding	GENE218	73
ENSG00000000219	chr4	79754933	79764027	-	4473	protein_coding	GENE219	8
ENSG00000000220	chr16	65196420	65209807	+	6494	protein_coding	GENE220	133
ENSG00000000221	chr9	9543614	9554055	+	4705	protein_coding	GENE221	76
ENSG00000000222	chr5	68170735	68184566	+	7062	protein_coding	GENE222	93
ENSG00000000223	chr16	38145916	38156177	-	1613	protein_coding	GENE223	38
ENSG00000000224	chr1	50432022	50436146	+	1686	protein_coding	GENE224	20
ENSG00000000225	chr19	41935284	41950345	+	7496	protein_coding	GENE225	11
ENSG00000000226	chr12	71022049	71035991	-	6251	protein_coding	GENE226	97
ENSG00000000227	chr12	12841266	12846158	-	1451	protein_coding	GENE227	21
ENSG00000000228	chr1	12266999	12270113	-	1677	protein_coding	GENE228	7
ENSG00000000229	chr9	58159117	58170253	-	2154	protein_coding	GENE229	23
ENSG00000000230	chr4	58634066	58647061	-	4586	miRNA	GENE230	11
ENSG00000000231	chr2	10769270	10781619	+	4480	miRNA	GENE231	6
ENSG00000000232	chr13	84969032	84978008	-	7437	snRNA	GENE232	15
ENSG00000000233	chr8	78533145	78541695	+	5527	protein_coding	GENE233	161
ENSG00000000234	chr13	60511477	60522234	-	5424	protein_coding	GENE234	29
ENSG00000000235	chr16	57577044	57586865	+	6719	lncRNA	GENE235	9
ENSG00000000236	chr7	1629198	1643399	+	6990	protein_coding	GENE236	24
ENSG00000000237	chr17	64168403	64178349	-	7739	lncRNA	GENE237	18
ENSG00000000238	chr13	75634395	75648531	+	6906	protein_coding	GENE238	26
ENSG00000000239	chr17	69964378	69969988	-	2693	protein_coding	GENE239	35
ENSG00000000240	chr21	30202492	30212277	+	7629	protein_coding	GENE240	0
ENSG00000000241	chr2	1662637	1671353	-	5144	protein_coding	GENE241	462
ENSG00000000242	chr2	70380509	70390084	+	5450	protein_coding	GENE242	19
ENSG00000000243	chr7	37272690	37280837	+	1820	snRNA	GENE243	31
ENSG00000000244	chr1	76401058	76412081	-	4695	protein_coding	GENE244	28
ENSG00000000245	chr15	34238731	34242963	-	1860	lncRNA	GENE245	10
ENSG00000000246	chr13	5365040	5370563	-	1033	protein_coding	GENE246	10
ENSG00000000247	chr3	24075692	24085361	+	7540	protein_coding	GENE247	14
ENSG00000000248	chr21	69845462	69854945	-	5469	protein_coding	GENE248	50
ENSG00000000249	chr16	1335316	1344298	+	4314	lncRNA	GENE249	61
ENSG00000000250	chr3	87872914	87881715	+	6041	protein_coding	GENE250	98
ENSG00000000251	chr19	65814528	65822850	-	6427	miRNA	GENE251	18
ENSG00000000252	chr10	18834460	18842804	+	5015	protein_coding	GENE252	34
ENSG00000000253	chr2	18142842	18155356	+	6134	protein_coding	GENE253	11
ENSG00000000254	chr5	38175384	38186086	-	3147	protein_coding	GENE254	17
ENSG00000000255	chr10	18429239	18433573	-	1257	protein_coding	GENE255	11
ENSG00000000256	chr14	87288619	87291883	+	721	protein_coding	GENE256	43
ENSG00000000257	chr6	46463239	46474583	-	4767	protein_coding	GENE257	21
ENSG00000000258	chr13	25353801	25362720	+	7989	protein_coding	GENE258	13
ENSG00000000259	chr18	72669386	72680316	-	5131	lncRNA	GENE259	5
ENSG00000000260	chr3	42085351	42097629	+	5610	protein_coding	GENE260	38
ENSG00000000261	chr16	61965698	61970346	+	1738	protein_coding	GENE261	3
ENSG00000000262	chrY	40173658	40190866	-	7857	protein_coding	GENE262	49
ENSG00000000263	chr9	44577173	44589631	-	5282	lncRNA	GENE263	16
ENSG00000000264	chr20	49227261	49231010	+	1489	protein_coding	GENE264	55
ENSG00000000265	chr10	18286830	18296315	+	5226	lncRNA	GENE265	9
ENSG00000000266	chrX	83182711	83190088	+	2684	protein_coding	GENE266	57
ENSG00000000267	chr10	87816035	87825289	-	1199	protein_coding	GENE267	13
ENSG00000000268	chr8	48629082	48634983	+	2988	protein_coding	GENE268	29
ENSG00000000269	chr20	7737226	7749081	+	6889	lncRNA	GENE269	41
ENSG00000000270	chr10	56708752	56719102	-	1757	protein_coding	GENE270	7
ENSG00000000271	chr21	84329287	84343456	-	6714	protein_coding	GENE271	51
ENSG00000000272	chrX	29279219	29290591	+	7215	protein_coding	GENE272	15
ENSG00000000273	chr19	62485289	62495964	+	6538	protein_coding	GENE273	90
ENSG00000000274	chr16	78436217	78445278	+	910	protein_coding	GENE274	1
ENSG00000000275	chr11	3008392	3011508	-	1011	lncRNA	GENE275	8
ENSG00000000276	chr2	84125271	84139620	-	7109	miRNA	GENE276	8
ENSG00000000277	chr5	40913414	40922117	+	3191	protein_coding	GENE277	40
ENSG00000000278	chr19	28338655	28350058	-	3462	protein_coding	GENE278	52
ENSG00000000279	chr18	20060401	20074685	+	7294	lncRNA	GENE279	633
ENSG00000000280	chr18	28171325	28178629	+	2571	protein_coding	GENE280	15
ENSG00000000281	chr6	28698244	28706459	-	6158	protein_coding	GENE281	43
ENSG00000000282	chr10	30900721	30912146	+	6248	lncRNA	GENE282	44
ENSG00000000283	chr18	13435826	13450484	+	5071	protein_coding	GENE283	1
ENSG00000000284	chr14	31358493	31361880	+	859	protein_coding	GENE284	1
ENSG00000000285	chr21	54178178	54184827	-	4947	protein_coding	GENE285	46
ENSG00000000286	chr22	24130651	24134951	-	1642	protein_coding	GENE286	41
ENSG00000000287	chrY	26509890	26513079	+	1833	protein_coding	GENE287	6
ENSG00000000288	chr9	55946265	55961181	-	7304	protein_coding	GENE288	58
ENSG00000000289	chr19	38398497	38406568	-	1913	protein_coding	GENE289	38
ENSG00000000290	chr2	24538467	24544737	-	3117	protein_coding	GENE290	13
ENSG00000000291	chr16	80210535	80221668	-	5722	protein_coding	GENE291	122
ENSG00000000292	chr9	9386497	9393988	+	1314	protein_coding	GENE292	13
ENSG00000000293	chr2	52819445	52831629	+	7977	protein_coding	GENE293	19
ENSG00000000294	chr3	19776695	19786868	-	5407	protein_coding	GENE294	55
ENSG00000000295	chr17	24252099	24259933	+	3029	protein_coding	GENE295	39
ENSG00000000296	chr1	48434983	48446625	+	5906	protein_coding	GENE296	20
ENSG00000000297	chr6	88448691	88458144	+	6539	protein_coding	GENE297	32
ENSG00000000298	chr6	72852861	72861606	-	2156	protein_coding	GENE298	14
ENSG00000000299	chr4	7495258	7501730	+	2626	protein_coding	GENE299	38
ENSG00000000300	chr22	19174373	19179182	+	2140	protein_coding	GENE300	1
ENSG00000000301	chrX	8401624	8414986	+	7061	protein_coding	GENE301	6
ENSG00000000302	chr18	80599038	80604960	-	1276	protein_coding	GENE302	10
ENSG00000000303	chr12	40031927	40047425	+	6257	lncRNA	GENE303	14
ENSG00000000304	chr18	45068901	45075966	+	3592	protein_coding	GENE304	53
ENSG00000000305	chr16	6185053	6193940	-	5143	protein_coding	GENE305	28
ENSG00000000306	chr22	59107659	59118333	-	5230	protein_coding	GENE306	48
ENSG00000000307	chr12	24199672	24203774	-	1016	protein_coding	GENE307	8
ENSG00000000308	chr8	35860169	35870913	-	7293	protein_coding	GENE308	36
ENSG00000000309	chr19	55490112	55496710	+	5450	lncRNA	GENE309	24
ENSG00000000310	chr11	8536579	8545114	-	2437	protein_coding	GENE310	75
ENSG00000000311	chr10	8198765	8207441	-	6026	protein_coding	GENE311	51
ENSG00000000312	chr3	88653780	88660842	+	797	lncRNA	GENE312	5
ENSG00000000313	chr6	16092028	16101836	-	6415	protein_coding	GENE313	46
ENSG00000000314	chr7	7989948	7999684	+	5354	lncRNA	GENE314	16
ENSG00000000315	chr1	40543480	40551625	-	5452	lncRNA	GENE315	6
ENSG00000000316	chr14	89313961	89321464	+	5266	lncRNA	GENE316	7
ENSG00000000317	chr14	2990105	3000761	-	5621	lncRNA	GENE317	114
ENSG00000000318	chr9	84008894	84014778	-	3613	protein_coding	GENE318	6
ENSG00000000319	chr6	53390261	53404028	+	6278	protein_coding	GENE319	11
ENSG00000000320	chr11	75154464	75159746	-	782	lncRNA	GENE320	30
ENSG00000000321	chr11	14616392	14625655	+	4267	protein_coding	GENE321	47
ENSG00000000322	chr21	77538095	77547639	+	5218	snRNA	GENE322	38
ENSG00000000323	chr11	33344882	33352855	+	3791	protein_coding	GENE323	42
ENSG00000000324	chr8	80385426	80397381	-	6656	protein_coding	GENE324	29
ENSG00000000325	chr6	87001846	87005059	-	2523	protein_coding	GENE325	14
ENSG00000000326	chr1	86529441	86543279	-	7423	snRNA	GENE326	307
ENSG00000000327	chr10	1025574	1034646	-	4596	lncRNA	GENE327	131
ENSG00000000328	chr3	1826283	1839533	+	4792	protein_coding	GENE328	31
ENSG00000000329	chr13	64536780	64547381	-	4150	lncRNA	GENE329	14
ENSG00000000330	chr6	81882499	81894528	-	5894	protein_coding	GENE330	17
ENSG00000000331	chr4	82841632	82851698	+	7071	protein_coding	GENE331	30
ENSG00000000332	chr9	35185287	35190426	+	3189	miRNA	GENE332	24
ENSG00000000333	chr5	279736	284171	+	2746	protein_coding	GENE333	2
ENSG00000000334	chr8	54289410	54298071	-	6099	protein_coding	GENE334	23
ENSG00000000335	chr17	74744129	74754212	+	3786	lncRNA	GENE335	15
ENSG00000000336	chr19	61362802	61377269	+	7539	protein_coding	GENE336	15
ENSG00000000337	chr20	32612512	32619654	-	3872	protein_coding	GENE337	9
ENSG00000000338	chr19	68776196	68782792	+	3250	protein_coding	GENE338	40
ENSG00000000339	chr3	35796227	35805507	-	1785	protein_coding	GENE339	16
ENSG00000000340	chr17	71977297	71986695	+	3593	protein_coding	GENE340	6
ENSG00000000341	chr12	15487663	15502885	+	7209	protein_coding	GENE341	32
ENSG00000000342	chr8	67131538	67137800	+	3187	protein_coding	GENE342	5
ENSG00000000343	chr11	54524622	54532011	-	1685	protein_coding	GENE343	2
ENSG00000000344	chr17	58007125	58014372	-	2736	protein_coding	GENE344	25
ENSG00000000345	chr2	46669458	46676895	-	5011	lncRNA	GENE345	1
ENSG00000000346	chr3	19226858	19232926	+	1039	protein_coding	GENE346	1
ENSG00000000347	chr9	157230	167538	+	3906	protein_coding	GENE347	5
ENSG00000000348	chrX	70503128	70514717	-	7796	protein_coding	GENE348	47
ENSG00000000349	chr12	76912608	76915512	-	1110	protein_coding	GENE349	28
ENSG00000000350	chr16	64934672	64941659	-	5196	protein_coding	GENE350	15
ENSG00000000351	chr13	57771221	57778900	-	6106	protein_coding	GENE351	78
ENSG00000000352	chr9	72457194	72462180	+	1794	protein_coding	GENE352	115
ENSG00000000353	chr5	58524488	58538228	-	6960	lncRNA	GENE353	30
ENSG00000000354	chr20	3160734	3172177	+	4853	protein_coding	GENE354	5
ENSG00000000355	chr10	16933107	16942608	-	1307	miRNA	GENE355	19
ENSG00000000356	chr21	76731366	76744974	+	7457	protein_coding	GENE356	12
ENSG00000000357	chr17	21452042	21461320	-	3541	protein_coding	GENE357	12
ENSG00000000358	chr18	66498287	66511705	+	7967	protein_coding	GENE358	12
ENSG00000000359	chr2	55441750	55449316	-	2760	protein_coding	GENE359	0
ENSG00000000360	chr18	89001021	89012448	+	6763	protein_coding	GENE360	46
ENSG00000000361	chr1	76614651	76623112	+	6161	snoRNA	GENE361	124
ENSG00000000362	chr21	55321867	55329635	-	3555	miRNA	GENE362	12
ENSG00000000363	chr11	88125280	88138158	+	6720	snoRNA	GENE363	106
ENSG00000000364	chr19	38040617	38048671	+	6714	protein_coding	GENE364	37
ENSG00000000365	chr16	20139713	20149185	+	6468	lncRNA	GENE365	80
ENSG00000000366	chr5	62951759	62957467	-	4182	lncRNA	GENE366	30
ENSG00000000367	chr20	21188484	21200176	-	5612	protein_coding	GENE367	245
ENSG00000000368	chr1	61699486	61710821	+	5599	protein_coding	GENE368	3
ENSG00000000369	chr17	68257066	68266083	-	5037	protein_coding	GENE369	14
ENSG00000000370	chr4	37100506	37115282	-	6218	protein_coding	GENE370	34
ENSG00000000371	chr8	56643393	56647521	+	735	protein_coding	GENE371	11
ENSG00000000372	chr6	2696100	2701041	-	2233	protein_coding	GENE372	2
ENSG00000000373	chr7	33164825	33176960	-	6889	lncRNA	GENE373	129
ENSG00000000374	chr6	26982969	26997959	+	6265	protein_coding	GENE374	26
ENSG00000000375	chr5	49326838	49334304	+	4038	protein_coding	GENE375	20
ENSG00000000376	chr22	69557617	69563031	-	2073	protein_coding	GENE376	0
ENSG00000000377	chr15	70817440	70823517	-	4745	protein_coding	GENE377	78
ENSG00000000378	chr8	83871543	83877084	-	2126	protein_coding	GENE378	19
ENSG00000000379	chr15	64657202	64663047	+	2511	protein_coding	GENE379	48
ENSG00000000380	chrY	30503210	30512484	+	6998	protein_coding	GENE380	18
ENSG00000000381	chr15	52617401	52631218	+	7287	protein_coding	GENE381	23
ENSG00000000382	chr11	59140460	59148568	+	6168	protein_coding	GENE382	23
ENSG00000000383	chr21	76401238	76414661	-	7414	lncRNA	GENE383	23
ENSG00000000384	chr18	74174913	74190960	-	6994	lncRNA	GENE384	12
ENSG00000000385	chr10	63121305	63125211	-	2904	protein_coding	GENE385	15
ENSG00000000386	chr5	72379533	72387469	+	2426	protein_coding	GENE386	2790
ENSG00000000387	chr12	25618095	25632355	-	6498	protein_coding	GENE387	83
ENSG00000000388	chr16	17549914	17552136	+	1119	protein_coding	GENE388	29
ENSG00000000389	chr18	88271825	88281402	+	6913	protein_coding	GENE389	821
ENSG00000000390	chr10	39192614	39202218	-	7706	lncRNA	GENE390	45
ENSG00000000391	chr13	35912258	35917242	-	3510	protein_coding	GENE391	33
ENSG00000000392	chr10	69894596	69900583	+	3614	protein_coding	GENE392	36
ENSG00000000393	chr18	81677234	81687808	-	7744	protein_coding	GENE393	8
ENSG00000000394	chr15	29103484	29114491	-	6078	protein_coding	GENE394	31
ENSG00000000395	chr22	28295390	28307232	+	7649	protein_coding	GENE395	38
ENSG00000000396	chr20	32113257	32122196	+	4011	protein_coding	GENE396	90
ENSG00000000397	chr2	29487472	29500657	+	7580	protein_coding	GENE397	9
ENSG00000000398	chrX	84007712	84016652	+	862	protein_coding	GENE398	26
ENSG00000000399	chr13	38621359	38630628	-	1440	protein_coding	GENE399	12
ENSG00000000400	chr19	48141955	48149381	+	2673	protein_coding	GENE400	0
ENSG00000000401	chr14	25395257	25404892	+	2998	snoRNA	GENE401	4
ENSG00000000402	chrX	22345381	22356177	-	3934	protein_coding	GENE402	19
ENSG00000000403	chr8	30732764	30739828	+	1483	lncRNA	GENE403	29
ENSG00000000404	chr1	23836722	23849957	+	4361	miRNA	GENE404	110
ENSG00000000405	chr1	122518	130797	-	3240	protein_coding	GENE405	12
ENSG00000000406	chr4	64772915	64777754	+	1154	protein_coding	GENE406	9
ENSG00000000407	chr6	29544309	29552922	+	1505	protein_coding	GENE407	38
ENSG00000000408	chr18	20830960	20835786	+	865	protein_coding	GENE408	7
ENSG00000000409	chr2	6462319	6470672	-	4398	lncRNA	GENE409	10
ENSG00000000410	chr7	33164737	33175876	-	2919	protein_coding	GENE410	31
ENSG00000000411	chr20	24211590	24217287	-	3166	protein_coding	GENE411	8
ENSG00000000412	chr1	7909434	7916009	-	4471	lncRNA	GENE412	18
ENSG00000000413	chr4	65848050	65853741	-	2856	protein_coding	GENE413	91
ENSG00000000414	chr21	35504842	35515213	-	5185	snRNA	GENE414	57
ENSG00000000415	chr8	48967534	48978374	+	5184	protein_coding	GENE415	2
ENSG00000000416	chr15	37198655	37205295	+	4951	protein_coding	GENE416	1
ENSG00000000417	chr8	76251013	76256777	+	737	protein_coding	GENE417	12
ENSG00000000418	chr2	72645151	72651698	-	1843	protein_coding	GENE418	7
ENSG00000000419	chr8	50327733	50332131	-	1488	lncRNA	GENE419	25
ENSG00000000420	chr7	27925066	27932740	-	4013	lncRNA	GENE420	89
ENSG00000000421	chr21	25331432	25338434	-	1438	protein_coding	GENE421	103
ENSG00000000422	chr20	22478217	22489301	+	6238	lncRNA	GENE422	40
ENSG00000000423	chr19	15279330	15291944	-	7575	protein_coding	GENE423	43
ENSG00000000424	chr8	50717028	50729497	-	4215	lncRNA	GENE424	40
ENSG00000000425	chr19	15987865	15992861	-	2153	protein_coding	GENE425	66
ENSG00000000426	chr12	43196219	43204443	+	2610	miRNA	GENE426	52
ENSG00000000427	chr11	85931815	85942207	+	5951	protein_coding	GENE427	20
ENSG00000000428	chr5	52554636	52567730	-	4941	lncRNA	GENE428	5
ENSG00000000429	chr18	61432043	61440653	+	1714	protein_coding	GENE429	189
ENSG00000000430	chr3	13088887	13097211	-	3687	miRNA	GENE430	8
ENSG00000000431	chr21	89507944	89516303	+	4455	miRNA	GENE431	3
ENSG00000000432	chr14	67163444	67176788	-	7615	protein_coding	GENE432	37
ENSG00000000433	chr20	19071149	19082849	+	4126	protein_coding	GENE433	2
ENSG00000000434	chr8	20887926	20896366	-	3511	protein_coding	GENE434	36
ENSG00000000435	chr10	24135972	24144396	+	3000	protein_coding	GENE435	17
ENSG00000000436	chrY	26444695	26448744	+	1930	protein_coding	GENE436	8
ENSG00000000437	chr13	54810743	54823164	+	6539	protein_coding	GENE437	4
ENSG00000000438	chr4	21042101	21056294	+	6854	protein_coding	GENE438	58
ENSG00000000439	chr6	35352979	35359405	-	2022	protein_coding	GENE439	33
ENSG00000000440	chr8	46673597	46685041	-	7674	protein_coding	GENE440	19
ENSG00000000441	chr6	8700010	8707788	+	629	protein_coding	GENE441	7
ENSG00000000442	chr5	61421367	61431199	+	7013	protein_coding	GENE442	46
ENSG00000000443	chr2	12884247	12894056	+	7956	protein_coding	GENE443	32
ENSG00000000444	chr22	45548012	45562301	+	7157	protein_coding	GENE444	8
ENSG00000000445	chr21	7579534	7585517	-	2928	lncRNA	GENE445	22
ENSG00000000446	chr14	32587258	32595683	+	864	protein_coding	GENE446	32
ENSG00000000447	chr20	16360582	16367108	-	3258	protein_coding	GENE447	8
ENSG00000000448	chr4	79161286	79172134	-	4620	protein_coding	GENE448	3
ENSG00000000449	chr7	82132151	82144017	+	5002	protein_coding	GENE449	58
ENSG00000000450	chr9	24160229	24166731	+	771	protein_coding	GENE450	17
ENSG00000000451	chr10	66631195	66644965	-	7956	lncRNA	GENE451	21
ENSG00000000452	chr15	71635352	71648169	-	6940	protein_coding	GENE452	30
ENSG00000000453	chr8	11959088	11962454	+	729	protein_coding	GENE453	137
ENSG00000000454	chr22	8382835	8390108	+	4329	protein_coding	GENE454	48
ENSG00000000455	chr2	5485391	5494355	+	4620	protein_coding	GENE455	5
ENSG00000000456	chr10	35965743	35977503	-	4150	protein_coding	GENE456	15
ENSG00000000457	chr21	26605217	26616875	-	3940	protein_coding	GENE457	18
ENSG00000000458	chr22	59785430	59798344	+	7002	protein_coding	GENE458	68
ENSG00000000459	chr15	34563424	34572193	+	4210	protein_coding	GENE459	12
ENSG00000000460	chr22	79269041	79277260	+	3956	protein_coding	GENE460	9
ENSG00000000461	chr13	76548041	76560296	+	6917	lncRNA	GENE461	25
ENSG00000000462	chrX	1236957	1251255	-	6313	miRNA	GENE462	18
ENSG00000000463	chr17	39880105	39892267	+	6432	protein_coding	GENE463	74
ENSG00000000464	chr18	22860972	22872738	+	4837	protein_coding	GENE464	95
ENSG00000000465	chr5	59296387	59305484	-	6563	protein_coding	GENE465	104
ENSG00000000466	chr5	19309112	19314390	+	2649	protein_coding	GENE466	86
ENSG00000000467	chr9	85605232	85613110	-	3976	protein_coding	GENE467	3
ENSG00000000468	chr16	57094854	57102201	-	4091	protein_coding	GENE468	7
ENSG00000000469	chr1	49901878	49909686	+	4210	miRNA	GENE469	8
ENSG00000000470	chr9	59503676	59519117	-	6846	lncRNA	GENE470	13
ENSG00000000471	chr13	3191532	3204173	-	6720	protein_coding	GENE471	1
ENSG00000000472	chr9	84703866	84712104	+	5907	protein_coding	GENE472	56
ENSG00000000473	chr9	80437729	80448182	+	5737	protein_coding	GENE473	24
ENSG00000000474	chr11	37737503	37749768	+	7351	protein_coding	GENE474	60
ENSG00000000475	chr14	35209655	35222086	-	6164	protein_coding	GENE475	133
ENSG00000000476	chr8	55704217	55716492	+	7383	protein_coding	GENE476	27
ENSG00000000477	chr5	78508189	78518710	+	7624	protein_coding	GENE477	56
ENSG00000000478	chrX	52754660	52767410	+	6974	protein_coding	GENE478	66
ENSG00000000479	chr13	40546655	40560766	-	4162	protein_coding	GENE479	9
ENSG00000000480	chr12	61224395	61229874	+	1237	protein_coding	GENE480	92
ENSG00000000481	chrX	60703922	60715540	+	6614	protein_coding	GENE481	58
ENSG00000000482	chr15	47332454	47341427	+	2533	protein_coding	GENE482	7
ENSG00000000483	chr6	78425472	78432905	+	4479	protein_coding	GENE483	42
ENSG00000000484	chr14	85924363	85930235	+	916	protein_coding	GENE484	14
ENSG00000000485	chr2	73119978	73126082	-	1871	protein_coding	GENE485	18
ENSG00000000486	chr9	15382510	15396231	+	7965	protein_coding	GENE486	47
ENSG00000000487	chr7	19887464	19895983	+	5628	miRNA	GENE487	153
ENSG00000000488	chr2	79905834	79916133	+	5878	lncRNA	GENE488	162
ENSG00000000489	chr14	4920070	4931118	-	4338	protein_coding	GENE489	7
ENSG00000000490	chr13	37288892	37299455	-	6410	snoRNA	GENE490	9
ENSG00000000491	chr1	88628588	88641813	-	6952	snoRNA	GENE491	5
ENSG00000000492	chr12	74037410	74047043	+	4384	protein_coding	GENE492	1
ENSG00000000493	chr10	40918763	40930429	+	7261	protein_coding	GENE493	13
ENSG00000000494	chr12	19162562	19176503	-	7520	protein_coding	GENE494	10
ENSG00000000495	chr2	73863247	73869343	-	2111	protein_coding	GENE495	52
ENSG00000000496	chr12	24966097	24974952	-	1727	protein_coding	GENE496	24
ENSG00000000497	chr18	4212349	4216962	+	1046	protein_coding	GENE497	2
ENSG00000000498	chr1	21355163	21362945	-	5604	protein_coding	GENE498	150
ENSG00000000499	chrX	83825313	83837869	-	6203	lncRNA	GENE499	17
ENSG00000000500	chr5	55440224	55452054	+	7443	protein_coding	GENE500	29
ENSG00000000501	chr9	39023152	39024605	-	717	protein_coding	GENE501	8
ENSG00000000502	chr17	81724266	81733814	+	6990	protein_coding	GENE502	31
ENSG00000000503	chr18	34170981	34179710	-	3570	protein_coding	GENE503	16
ENSG00000000504	chr14	43720026	43727045	+	2648	protein_coding	GENE504	35
ENSG00000000505	chr12	13285368	13296871	-	6304	protein_coding	GENE505	2
ENSG00000000506	chr22	23362880	23368712	-	3854	protein_coding	GENE506	11
ENSG00000000507	chr16	23632098	23642376	-	6613	protein_coding	GENE507	9
ENSG00000000508	chr7	1464065	1473902	+	2014	protein_coding	GENE508	5
ENSG00000000509	chr2	79949812	79960997	+	2421	protein_coding	GENE509	17
ENSG00000000510	chr15	8569217	8581338	+	6160	protein_coding	GENE510	12
ENSG00000000511	chr21	79154990	79164341	-	4218	protein_coding	GENE511	11
ENSG00000000512	chr12	986315	999909	-	7785	snRNA	GENE512	86
ENSG00000000513	chr8	50920892	50935808	-	7238	protein_coding	GENE513	20
ENSG00000000514	chr8	33984958	33993245	+	6366	snoRNA	GENE514	24
ENSG00000000515	chr14	80999665	81013136	-	7520	snRNA	GENE515	21
ENSG00000000516	chr2	57004391	57015520	+	6359	protein_coding	GENE516	13
ENSG00000000517	chr4	83625565	83639976	+	6614	protein_coding	GENE517	18
ENSG00000000518	chr1	57148684	57153931	+	4598	protein_coding	GENE518	17
ENSG00000000519	chr3	26860005	26875316	+	7351	protein_coding	GENE519	11
ENSG00000000520	chr15	48245730	48252809	-	2370	lncRNA	GENE520	4
ENSG00000000521	chr8	21473636	21482369	-	1979	protein_coding	GENE521	39
ENSG00000000522	chr12	69791546	69803045	-	4127	miRNA	GENE522	20
ENSG00000000523	chr7	78965232	78969822	+	1539	protein_coding	GENE523	31
ENSG00000000524	chrX	53840114	53847850	+	3768	protein_coding	GENE524	16
ENSG00000000525	chr15	88202096	88209054	-	3439	snoRNA	GENE525	37
ENSG00000000526	chr17	84862289	84873267	-	4551	protein_coding	GENE526	31
ENSG00000000527	chr22	26501073	26513310	-	6289	lncRNA	GENE527	18
ENSG00000000528	chr3	5884750	5889238	+	1949	lncRNA	GENE528	7
ENSG00000000529	chr21	45844710	45852448	+	6072	lncRNA	GENE529	30
ENSG00000000530	chr7	12448983	12458748	-	5336	lncRNA	GENE530	15
ENSG00000000531	chr8	67802729	67817027	+	6990	protein_coding	GENE531	152
ENSG00000000532	chr11	41887940	41895909	+	4207	protein_coding	GENE532	13
ENSG00000000533	chr11	86668223	86677594	+	3259	protein_coding	GENE533	23
ENSG00000000534	chr5	38012138	38019245	-	3605	lncRNA	GENE534	18
ENSG00000000535	chr19	32930041	32940629	+	2848	protein_coding	GENE535	56
ENSG00000000536	chr22	7432582	7439017	+	3880	protein_coding	GENE536	10
ENSG00000000537	chr17	9630691	9640399	+	4443	protein_coding	GENE537	8
ENSG00000000538	chr22	61365345	61375244	+	4582	protein_coding	GENE538	59
ENSG00000000539	chr2	76522234	76532425	-	3457	miRNA	GENE539	21
ENSG00000000540	chr13	72022659	72031116	-	4947	protein_coding	GENE540	76
ENSG00000000541	chr21	57098830	57105673	-	2644	lncRNA	GENE541	25
ENSG00000000542	chr15	40780295	40788859	-	1762	protein_coding	GENE542	10
ENSG00000000543	chr3	59296436	59305818	+	1105	protein_coding	GENE543	6
ENSG00000000544	chr8	14306591	14316139	-	1666	protein_coding	GENE544	21
ENSG00000000545	chr12	43452678	43463015	+	4147	protein_coding	GENE545	11
ENSG00000000546	chr8	11998933	12009012	+	7378	lncRNA	GENE546	13
ENSG00000000547	chr20	80377622	80387160	-	4957	protein_coding	GENE547	24
ENSG00000000548	chr9	10507021	10520838	+	7273	protein_coding	GENE548	58
ENSG00000000549	chr7	619360	626765	+	5076	protein_coding	GENE549	12
ENSG00000000550	chr15	59102095	59111490	+	4702	protein_coding	GENE550	22
ENSG00000000551	chr19	48272993	48285409	-	4717	snoRNA	GENE551	36
ENSG00000000552	chr13	60066712	60074079	-	4752	protein_coding	GENE552	24
ENSG00000000553	chrX	55286744	55292400	+	1503	lncRNA	GENE553	1
ENSG00000000554	chr8	13999980	14011193	+	5485	lncRNA	GENE554	50
ENSG00000000555	chr2	45637651	45641196	-	1295	lncRNA	GENE555	8
ENSG00000000556	chr5	65200614	65210164	-	3960	protein_coding	GENE556	69
ENSG00000000557	chr9	54989731	55002537	-	7254	miRNA	GENE557	25
ENSG00000000558	chr9	38792253	38800844	-	5628	protein_coding	GENE558	32
ENSG00000000559	chr15	34072590	34078084	+	3629	lncRNA	GENE559	27
ENSG00000000560	chr11	87305827	87315233	+	3110	protein_coding	GENE560	13
ENSG00000000561	chr1	81878221	81890727	+	5284	snoRNA	GENE561	14
ENSG00000000562	chrX	67502470	67509605	-	2300	protein_coding	GENE562	79
ENSG00000000563	chr13	38367082	38372967	-	4369	lncRNA	GENE563	15
ENSG00000000564	chr7	77171501	77175640	-	2990	lncRNA	GENE564	82
ENSG00000000565	chr13	45214475	45220766	-	3873	protein_coding	GENE565	71
ENSG00000000566	chr2	19122088	19127471	-	3396	protein_coding	GENE566	149
ENSG00000000567	chr3	24877052	24889929	-	5882	protein_coding	GENE567	28
ENSG00000000568	chr5	84011519	84023103	+	6456	protein_coding	GENE568	57
ENSG00000000569	chr13	86428927	86444875	+	7912	protein_coding	GENE569	18
ENSG00000000570	chr8	85476603	85486102	+	5789	protein_coding	GENE570	18
ENSG00000000571	chr8	14824196	14832562	+	3403	protein_coding	GENE571	11
ENSG00000000572	chr15	18768491	18780342	-	6373	lncRNA	GENE572	27
ENSG00000000573	chr1	88983847	88998624	+	7657	protein_coding	GENE573	14
ENSG00000000574	chr3	52547842	52559891	-	6481	lncRNA	GENE574	97
ENSG00000000575	chr6	46479390	46486254	+	2503	protein_coding	GENE575	15
ENSG00000000576	chr19	35797755	35804804	+	4310	protein_coding	GENE576	15
ENSG00000000577	chr5	73836139	73849746	+	6694	protein_coding	GENE577	72
ENSG00000000578	chr22	74942353	74952967	-	3415	protein_coding	GENE578	21
ENSG00000000579	chr6	42984080	42993601	-	7888	lncRNA	GENE579	37
ENSG00000000580	chr9	43326084	43335477	+	5032	lncRNA	GENE580	25
ENSG00000000581	chr18	61274390	61282824	+	2596	protein_coding	GENE581	26
ENSG00000000582	chr15	20787150	20797734	-	2756	protein_coding	GENE582	7
ENSG00000000583	chr12	54109700	54120269	-	5423	snRNA	GENE583	15
ENSG00000000584	chr22	86269660	86282712	+	6426	protein_coding	GENE584	6
ENSG00000000585	chr12	19455798	19465302	-	2203	protein_coding	GENE585	13
ENSG00000000586	chr5	22947819	22959398	+	7658	lncRNA	GENE586	39
ENSG00000000587	chr5	6205914	6218015	+	5210	protein_coding	GENE587	7
ENSG00000000588	chr3	10908914	10920499	+	7180	protein_coding	GENE588	40
ENSG00000000589	chr3	28402584	28406248	-	758	protein_coding	GENE589	6
ENSG00000000590	chr8	72132397	72143978	+	6769	protein_coding	GENE590	10
ENSG00000000591	chr2	82384316	82394190	-	4883	protein_coding	GENE591	10
ENSG00000000592	chr5	75156262	75170720	-	7859	protein_coding	GENE592	13
ENSG00000000593	chr1	33047831	33055005	-	5546	protein_coding	GENE593	50
ENSG00000000594	chr10	79693287	79703192	-	6763	protein_coding	GENE594	9
ENSG00000000595	chr13	71719472	71727377	-	7000	protein_coding	GENE595	113
ENSG00000000596	chr9	69510747	69514275	+	2125	lncRNA	GENE596	10
ENSG00000000597	chr11	5490231	5494942	-	2377	protein_coding	GENE597	29
ENSG00000000598	chrX	87948331	87955380	-	2409	lncRNA	GENE598	82
ENSG00000000599	chr12	29505130	29516123	-	7665	protein_coding	GENE599	17
ENSG00000000600	chr22	11174928	11181019	+	4488	protein_coding	GENE600	32
ENSG00000000601	chr2	26601144	26610137	+	3083	protein_coding	GENE601	44
ENSG00000000602	chr19	82302274	82311965	+	3547	protein_coding	GENE602	31
ENSG00000000603	chr6	4491260	4507009	+	7445	protein_coding	GENE603	57
ENSG00000000604	chrX	35046501	35053193	-	1940	lncRNA	GENE604	3
ENSG00000000605	chr1	85933931	85944473	+	3128	protein_coding	GENE605	55
ENSG00000000606	chr13	13928901	13941527	+	3271	protein_coding	GENE606	1
ENSG00000000607	chr14	71082818	71097574	+	5793	protein_coding	GENE607	9
ENSG00000000608	chr17	14026076	14037865	+	6775	protein_coding	GENE608	17
ENSG00000000609	chr4	63664425	63670118	-	1991	protein_coding	GENE609	3
ENSG00000000610	chrX	86655519	86662223	+	5634	snoRNA	GENE610	2
ENSG00000000611	chrX	65047758	65061518	-	5304	protein_coding	GENE611	15
ENSG00000000612	chr17	67938659	67953210	+	7592	protein_coding	GENE612	12
ENSG00000000613	chr6	15412752	15421332	+	6771	snRNA	GENE613	56
ENSG00000000614	chr10	11802040	11812216	-	4292	miRNA	GENE614	76
ENSG00000000615	chr9	12307754	12320818	+	6112	protein_coding	GENE615	9
ENSG00000000616	chr12	85207116	85217005	+	3629	protein_coding	GENE616	19
ENSG00000000617	chr4	71371377	71379304	-	2566	protein_coding	GENE617	108
ENSG00000000618	chr1	45136226	45147101	+	6354	protein_coding	GENE618	2
ENSG00000000619	chr4	37513271	37523664	+	6496	lncRNA	GENE619	10
ENSG00000000620	chr8	74123703	74130023	-	979	protein_coding	GENE620	4
ENSG00000000621	chr4	23883875	23893632	+	3514	lncRNA	GENE621	14
ENSG00000000622	chr5	29272797	29285637	+	7258	protein_coding	GENE622	16
ENSG00000000623	chr17	88957742	88968112	+	2122	lncRNA	GENE623	13
ENSG00000000624	chr13	12272274	12278276	+	4358	protein_coding	GENE624	5
ENSG00000000625	chr18	75597762	75610560	+	6648	snRNA	GENE625	3
ENSG00000000626	chr18	5194026	5201769	+	2418	protein_coding	GENE626	74
ENSG00000000627	chr3	77865404	77871738	+	2932	protein_coding	GENE627	14
ENSG00000000628	chr11	18101093	18110315	-	7217	protein_coding	GENE628	15
ENSG00000000629	chr21	77264141	77274487	+	5709	protein_coding	GENE629	6
ENSG00000000630	chr11	69690344	69695626	-	2277	protein_coding	GENE630	35
ENSG00000000631	chr6	58134159	58142145	-	4598	lncRNA	GENE631	180
ENSG00000000632	chr5	34039459	34053298	+	7865	protein_coding	GENE632	17
ENSG00000000633	chr12	31925609	31937767	-	5411	protein_coding	GENE633	34
ENSG00000000634	chr11	41924041	41938383	-	6762	protein_coding	GENE634	24
ENSG00000000635	chr20	5095097	5102808	+	2116	protein_coding	GENE635	12
ENSG00000000636	chr20	28058350	28070819	-	7309	protein_coding	GENE636	10
ENSG00000000637	chr13	74172328	74183999	-	4545	protein_coding	GENE637	11
ENSG00000000638	chr22	32522534	32530875	-	5503	lncRNA	GENE638	5
ENSG00000000639	chr11	20554587	20566337	-	5917	protein_coding	GENE639	6
ENSG00000000640	chr21	48812563	48824763	-	5288	miRNA	GENE640	5
ENSG00000000641	chr6	8292725	8298034	-	3530	protein_coding	GENE641	55
ENSG00000000642	chr20	69277707	69282713	+	2916	protein_coding	GENE642	4
ENSG00000000643	chr17	65992574	66004134	-	7313	protein_coding	GENE643	8
ENSG00000000644	chr8	29884981	29896135	+	4435	miRNA	GENE644	8
ENSG00000000645	chr7	71851499	71858979	+	4125	snoRNA	GENE645	27
ENSG00000000646	chr3	49783509	49791502	-	1950	protein_coding	GENE646	27
ENSG00000000647	chr20	57061648	57072397	+	4512	protein_coding	GENE647	28
ENSG00000000648	chr17	2462116	2470877	-	3209	protein_coding	GENE648	4
ENSG00000000649	chr16	88806615	88820292	+	7065	lncRNA	GENE649	121
ENSG00000000650	chr7	85265704	85271788	+	2140	protein_coding	GENE650	2
ENSG00000000651	chr13	6729738	6736777	-	4831	protein_coding	GENE651	7
ENSG00000000652	chr13	13005785	13020940	-	4590	snoRNA	GENE652	30
ENSG00000000653	chr21	67175687	67186742	-	2867	protein_coding	GENE653	65
ENSG00000000654	chr8	64231558	64236141	+	1909	protein_coding	GENE654	18
ENSG00000000655	chr17	69193187	69199944	-	3806	protein_coding	GENE655	18
ENSG00000000656	chr7	78591836	78596896	+	1969	lncRNA	GENE656	20
ENSG00000000657	chr3	53124107	53131801	+	1606	protein_coding	GENE657	58
ENSG00000000658	chr17	82402025	82412933	+	7994	protein_coding	GENE658	8
ENSG00000000659	chr22	22985725	23002500	-	7551	protein_coding	GENE659	56
ENSG00000000660	chr7	77537502	77550352	-	3922	protein_coding	GENE660	30
ENSG00000000661	chr14	47835504	47840846	+	3082	protein_coding	GENE661	7
ENSG00000000662	chr6	86855069	86862478	+	3994	lncRNA	GENE662	9
ENSG00000000663	chr11	15897787	15903421	-	3097	protein_coding	GENE663	51
ENSG00000000664	chr20	71115841	71129216	-	5079	protein_coding	GENE664	17
ENSG00000000665	chr17	43327713	43336403	-	5423	lncRNA	GENE665	19
ENSG00000000666	chr19	70763745	70775259	-	4335	lncRNA	GENE666	10
ENSG00000000667	chr14	45894446	45901692	+	5816	protein_coding	GENE667	93
ENSG00000000668	chr19	52510201	52520384	-	2929	protein_coding	GENE668	25
ENSG00000000669	chr10	39189118	39199872	+	6170	protein_coding	GENE669	158
ENSG00000000670	chrX	61801322	61810081	+	5275	protein_coding	GENE670	97
ENSG00000000671	chr22	72087933	72095288	-	2132	protein_coding	GENE671	57
ENSG00000000672	chr2	27712370	27717881	-	3816	miRNA	GENE672	2
ENSG00000000673	chr13	16131438	16146348	-	7779	protein_coding	GENE673	27
ENSG00000000674	chr20	29655875	29662047	+	5320	lncRNA	GENE674	11
ENSG00000000675	chr8	36836145	36850429	-	6589	lncRNA	GENE675	6
ENSG00000000676	chr1	39686616	39693646	-	1867	protein_coding	GENE676	81
ENSG00000000677	chr5	21197750	21208149	-	7396	protein_coding	GENE677	3
ENSG00000000678	chr18	78217459	78231180	-	6178	lncRNA	GENE678	16
ENSG00000000679	chr18	25565289	25574864	+	1502	lncRNA	GENE679	19
ENSG00000000680	chr19	45714579	45722505	-	6028	protein_coding	GENE680	29
ENSG00000000681	chr15	56487031	56496769	-	7375	protein_coding	GENE681	23
ENSG00000000682	chr4	4462070	4471640	-	4301	protein_coding	GENE682	35
ENSG00000000683	chr15	84638921	84652279	-	6123	protein_coding	GENE683	11
ENSG00000000684	chr18	974056	984142	-	2315	snoRNA	GENE684	16
ENSG00000000685	chr11	39186330	39196472	+	4943	protein_coding	GENE685	40
ENSG00000000686	chr18	71573536	71588681	+	6510	protein_coding	GENE686	3
ENSG00000000687	chr8	24607104	24614531	+	1495	protein_coding	GENE687	22
ENSG00000000688	chr18	12881444	12888680	+	4111	lncRNA	GENE688	17
ENSG00000000689	chr17	75734507	75744582	-	5072	protein_coding	GENE689	17
ENSG00000000690	chr12	77580028	77588537	-	5451	protein_coding	GENE690	23
ENSG00000000691	chr9	59658850	59666671	+	3996	lncRNA	GENE691	42
ENSG00000000692	chr19	5382196	5393773	+	2659	lncRNA	GENE692	23
ENSG00000000693	chr16	24344055	24353799	-	3960	lncRNA	GENE693	96
ENSG00000000694	chr16	16368100	16381918	+	3766	protein_coding	GENE694	6
ENSG00000000695	chr7	7897987	7905984	+	3623	protein_coding	GENE695	26
ENSG00000000696	chr2	75411909	75422436	-	5572	protein_coding	GENE696	91
ENSG00000000697	chrY	55181237	55189037	-	4143	protein_coding	GENE697	97
ENSG00000000698	chr7	73922737	73934117	+	1978	protein_coding	GENE698	2
ENSG00000000699	chr9	19650230	19658947	+	4748	protein_coding	GENE699	181
ENSG00000000700	chr18	17313856	17327231	+	7114	protein_coding	GENE700	15
ENSG00000000701	chr10	41878160	41883194	+	2426	protein_coding	GENE701	36
ENSG00000000702	chr4	22308951	22319258	+	5180	protein_coding	GENE702	23
ENSG00000000703	chr5	49442445	49452549	-	5708	protein_coding	GENE703	385
ENSG00000000704	chr13	84730370	84740630	-	5210	protein_coding	GENE704	76
ENSG00000000705	chr20	72978613	72990431	+	6753	protein_coding	GENE705	31
ENSG00000000706	chr2	61932724	61935519	-	798	protein_coding	GENE706	68
ENSG00000000707	chr1	73505224	73516319	+	5582	lncRNA	GENE707	7
ENSG00000000708	chr3	33441591	33453733	+	7821	protein_coding	GENE708	32
ENSG00000000709	chr5	43829831	43842718	-	7964	protein_coding	GENE709	73
ENSG00000000710	chr11	23218569	23228642	+	1943	snRNA	GENE710	113
ENSG00000000711	chr16	71261735	71267283	-	2101	protein_coding	GENE711	40
ENSG00000000712	chr20	54342257	54357956	-	7190	protein_coding	GENE712	39
ENSG00000000713	chr13	41153202	41160508	-	2424	protein_coding	GENE713	41
ENSG00000000714	chrX	41235760	41239213	+	1276	protein_coding	GENE714	6
ENSG00000000715	chr18	40927840	40940309	-	4029	protein_coding	GENE715	9
ENSG00000000716	chr4	34336293	34343144	+	4079	protein_coding	GENE716	6
ENSG00000000717	chr11	36344361	36351131	+	4134	protein_coding	GENE717	47
ENSG00000000718	chr10	63009120	63017164	-	817	protein_coding	GENE718	32
ENSG00000000719	chr13	61192695	61201758	+	4457	snoRNA	GENE719	6
ENSG00000000720	chr5	60088516	60100097	-	4028	protein_coding	GENE720	25
ENSG00000000721	chr20	76337520	76348129	-	7368	protein_coding	GENE721	41
ENSG00000000722	chr21	28176745	28189496	+	7124	miRNA	GENE722	34
ENSG00000000723	chrX	52917951	52931193	+	7216	protein_coding	GENE723	44
ENSG00000000724	chr10	3481193	3492601	-	4166	protein_coding	GENE724	93
ENSG00000000725	chr3	32450612	32463132	-	6065	protein_coding	GENE725	55
ENSG00000000726	chrX	62178151	62183513	-	3529	protein_coding	GENE726	25
ENSG00000000727	chr15	32474448	32481032	-	3781	protein_coding	GENE727	135
ENSG00000000728	chr19	3486288	3490981	-	2415	lncRNA	GENE728	6
ENSG00000000729	chr14	60958018	60968451	-	4556	lncRNA	GENE729	158
ENSG00000000730	chr13	21149310	21154596	-	1623	protein_coding	GENE730	19
ENSG00000000731	chr6	43488573	43501683	+	7364	protein_coding	GENE731	20
ENSG00000000732	chr12	81586932	81592617	+	4639	protein_coding	GENE732	20
ENSG00000000733	chr3	6602067	6606902	-	2388	protein_coding	GENE733	17
ENSG00000000734	chr3	39017991	39029227	+	3569	lncRNA	GENE734	7
ENSG00000000735	chr10	65431695	65444827	-	7240	protein_coding	GENE735	7
ENSG00000000736	chr13	75385551	75393545	+	2419	protein_coding	GENE736	13
ENSG00000000737	chr13	79433870	79443048	-	2524	snoRNA	GENE737	31
ENSG00000000738	chr11	45072098	45080545	-	6949	protein_coding	GENE738	32
ENSG00000000739	chr21	88350060	88357824	-	4477	lncRNA	GENE739	2
ENSG00000000740	chr4	64769624	64772950	+	1041	protein_coding	GENE740	4
ENSG00000000741	chr10	9602145	9610408	+	2287	protein_coding	GENE741	3
ENSG00000000742	chr19	66923454	66935390	-	3476	protein_coding	GENE742	8
ENSG00000000743	chr4	52079812	52091635	+	5487	lncRNA	GENE743	3
ENSG00000000744	chr2	58133603	58142297	-	4100	protein_coding	GENE744	67
ENSG00000000745	chr6	37861308	37868570	-	1535	protein_coding	GENE745	32
ENSG00000000746	chr5	49122880	49137102	+	6313	protein_coding	GENE746	7
ENSG00000000747	chr4	5218501	5228552	-	3240	protein_coding	GENE747	21
ENSG00000000748	chr15	86493428	86497992	-	1454	protein_coding	GENE748	2
ENSG00000000749	chr16	48060976	48069195	-	3082	lncRNA	GENE749	16
ENSG00000000750	chrX	15715732	15723693	+	3319	protein_coding	GENE750	38
ENSG00000000751	chr4	82090587	82098859	+	4228	protein_coding	GENE751	1
ENSG00000000752	chr1	66424209	66433429	+	4820	lncRNA	GENE752	19
ENSG00000000753	chr21	77143612	77149038	-	3055	protein_coding	GENE753	17
ENSG00000000754	chr20	53281310	53292365	-	4585	snoRNA	GENE754	7
ENSG00000000755	chr20	30500437	30514691	-	6541	protein_coding	GENE755	19
ENSG00000000756	chr20	57154660	57158345	-	1793	lncRNA	GENE756	6
ENSG00000000757	chr16	43837364	43844653	+	725	lncRNA	GENE757	10
ENSG00000000758	chr10	72753140	72764313	+	5875	snRNA	GENE758	8
ENSG00000000759	chr22	6362900	6369892	-	3863	protein_coding	GENE759	14
ENSG00000000760	chr15	78892540	78898215	+	3779	protein_coding	GENE760	4
ENSG00000000761	chr3	72029899	72041465	+	1961	protein_coding	GENE761	9
ENSG00000000762	chr5	23679928	23690946	+	1977	snoRNA	GENE762	9
ENSG00000000763	chr22	8478608	8486042	-	3018	snoRNA	GENE763	7
ENSG00000000764	chr16	15027759	15036307	-	3671	protein_coding	GENE764	42
ENSG00000000765	chr7	75659132	75666491	-	2177	protein_coding	GENE765	3
ENSG00000000766	chr14	35239487	35249449	+	7264	snoRNA	GENE766	132
ENSG00000000767	chr6	22954700	22969437	+	6801	protein_coding	GENE767	21
ENSG00000000768	chr7	12475318	12485425	-	6618	protein_coding	GENE768	7
ENSG00000000769	chr12	70615729	70621445	-	2918	protein_coding	GENE769	36
ENSG00000000770	chr16	64437739	64446248	-	3080	protein_coding	GENE770	10
ENSG00000000771	chr10	54159697	54162744	-	1749	protein_coding	GENE771	10
ENSG00000000772	chr5	63588145	63599588	-	5231	protein_coding	GENE772	45
ENSG00000000773	chr3	15412778	15425032	-	4568	protein_coding	GENE773	18
ENSG00000000774	chr10	70097883	70107143	-	2561	protein_coding	GENE774	75
ENSG00000000775	chr9	45294262	45310526	-	6455	lncRNA	GENE775	41
ENSG00000000776	chr3	74612201	74620749	+	2228	lncRNA	GENE776	33
ENSG00000000777	chr9	45827993	45841494	+	6729	protein_coding	GENE777	8
ENSG00000000778	chr15	27320292	27332324	-	6759	protein_coding	GENE778	18
ENSG00000000779	chr7	52634020	52642819	+	4265	protein_coding	GENE779	62
ENSG00000000780	chr18	54298474	54314955	+	7620	protein_coding	GENE780	30
ENSG00000000781	chr18	7031662	7040977	+	5738	protein_coding	GENE781	13
ENSG00000000782	chr18	426894	431031	-	961	protein_coding	GENE782	30
ENSG00000000783	chr22	67033622	67046872	+	6561	protein_coding	GENE783	17
ENSG00000000784	chr20	85154080	85163700	+	5960	protein_coding	GENE784	88
ENSG00000000785	chr8	49629068	49641556	+	7759	protein_coding	GENE785	1
ENSG00000000786	chr15	78059599	78071207	-	6030	protein_coding	GENE786	28
ENSG00000000787	chr1	85808247	85814475	-	3557	protein_coding	GENE787	3
ENSG00000000788	chr12	22335843	22346243	-	7899	miRNA	GENE788	50
ENSG00000000789	chr21	67951790	67961391	+	5908	protein_coding	GENE789	5
ENSG00000000790	chr14	20274982	20284687	-	6896	protein_coding	GENE790	17
ENSG00000000791	chr16	84621584	84627813	-	2902	protein_coding	GENE791	21
ENSG00000000792	chr19	20028748	20034414	+	3567	protein_coding	GENE792	3
ENSG00000000793	chr5	37489073	37498927	-	4611	protein_coding	GENE793	34
ENSG00000000794	chr22	62879948	62887676	+	3415	protein_coding	GENE794	37
ENSG00000000795	chr11	79033810	79046427	-	6632	protein_coding	GENE795	107
ENSG00000000796	chr4	32371949	32387575	-	7230	protein_coding	GENE796	24
ENSG00000000797	chr12	67452267	67457579	-	3684	protein_coding	GENE797	14
ENSG00000000798	chr20	56559003	56566106	-	3903	protein_coding	GENE798	29
ENSG00000000799	chr22	34856097	34866670	+	6562	lncRNA	GENE799	3
ENSG00000000800	chr11	21098479	21101140	+	688	protein_coding	GENE800	78
ENSG00000000801	chr22	80183715	80191515	-	5234	protein_coding	GENE801	34
ENSG00000000802	chr21	59838496	59847534	-	5508	protein_coding	GENE802	2
ENSG00000000803	chr7	16360608	16363915	+	1017	lncRNA	GENE803	15
ENSG00000000804	chr17	4539378	4553073	+	7543	lncRNA	GENE804	62
ENSG00000000805	chr15	18389514	18397467	+	1935	protein_coding	GENE805	18
ENSG00000000806	chr20	74783884	74794231	-	7277	protein_coding	GENE806	14
ENSG00000000807	chr10	7468168	7473785	-	1127	lncRNA	GENE807	11
ENSG00000000808	chr5	14326356	14334253	-	6344	protein_coding	GENE808	39
ENSG00000000809	chr3	88774704	88783617	+	7391	miRNA	GENE809	108
ENSG00000000810	chr12	38238081	38252330	-	5678	protein_coding	GENE810	44
ENSG00000000811	chr18	59554170	59563854	-	1724	lncRNA	GENE811	19
ENSG00000000812	chr4	66731559	66737209	-	3261	protein_coding	GENE812	3
ENSG00000000813	chr4	42642361	42648165	-	3557	protein_coding	GENE813	62
ENSG00000000814	chr12	77163105	77175908	-	2903	protein_coding	GENE814	9
ENSG00000000815	chr1	38115858	38124058	-	1459	snRNA	GENE815	21
ENSG00000000816	chr3	66227387	66234265	+	2777	snoRNA	GENE816	25
ENSG00000000817	chr8	78845267	78851054	-	1766	protein_coding	GENE817	41
ENSG00000000818	chr12	41846815	41855695	-	3150	protein_coding	GENE818	24
ENSG00000000819	chr20	41021399	41029322	-	4386	protein_coding	GENE819	6
ENSG00000000820	chr21	32347797	32361862	+	5770	protein_coding	GENE820	37
ENSG00000000821	chr12	60710172	60720146	-	5305	protein_coding	GENE821	14
ENSG00000000822	chr1	23191689	23199677	-	5559	protein_coding	GENE822	6
ENSG00000000823	chr13	6191515	6204205	-	7379	protein_coding	GENE823	22
ENSG00000000824	chr17	54939997	54944910	+	4074	protein_coding	GENE824	8
ENSG00000000825	chr19	16294079	16304070	+	607	protein_coding	GENE825	15
ENSG00000000826	chr3	17837276	17847303	-	6745	protein_coding	GENE826	2
ENSG00000000827	chr20	14494682	14505793	+	5365	protein_coding	GENE827	63
ENSG00000000828	chr5	11071421	11079726	+	3736	lncRNA	GENE828	85
ENSG00000000829	chr22	54931638	54946622	+	7413	protein_coding	GENE829	38
ENSG00000000830	chr8	49702521	49712033	+	2177	protein_coding	GENE830	35
ENSG00000000831	chr2	22544748	22557578	-	6477	protein_coding	GENE831	4
ENSG00000000832	chr14	4894329	4906340	-	5428	protein_coding	GENE832	41
ENSG00000000833	chr14	57132539	57137980	+	2362	protein_coding	GENE833	22
ENSG00000000834	chr8	6932275	6939337	-	3855	protein_coding	GENE834	4
ENSG00000000835	chr19	70507102	70517711	-	803	protein_coding	GENE835	2
ENSG00000000836	chr16	35924901	35934863	+	3107	protein_coding	GENE836	14
ENSG00000000837	chr17	69986365	69996785	-	5197	protein_coding	GENE837	6
ENSG00000000838	chr8	28941952	28948252	+	3016	protein_coding	GENE838	21
ENSG00000000839	chr19	86066036	86074064	+	1500	protein_coding	GENE839	40
ENSG00000000840	chrX	19333935	19343310	+	1167	protein_coding	GENE840	6
ENSG00000000841	chr22	1711129	1718559	+	1074	protein_coding	GENE841	56
ENSG00000000842	chr3	3753551	3769285	+	7941	protein_coding	GENE842	94
ENSG00000000843	chr17	15443511	15453382	-	7901	protein_coding	GENE843	41
ENSG00000000844	chr17	88347541	88358009	-	7663	protein_coding	GENE844	76
ENSG00000000845	chr19	21847416	21863597	-	6493	protein_coding	GENE845	11
ENSG00000000846	chr3	23241534	23253811	-	7017	protein_coding	GENE846	36
ENSG00000000847	chr16	28447328	28455214	-	7256	snRNA	GENE847	10
ENSG00000000848	chr11	18338835	18347564	+	2687	lncRNA	GENE848	3
ENSG00000000849	chr17	53427938	53435791	+	2775	protein_coding	GENE849	47
ENSG00000000850	chr11	10954354	10960152	-	4487	protein_coding	GENE850	5
ENSG00000000851	chr20	46020578	46024943	-	2115	lncRNA	GENE851	8
ENSG00000000852	chr9	18923534	18933394	+	6160	protein_coding	GENE852	20
ENSG00000000853	chr5	82155235	82169593	+	7633	protein_coding	GENE853	28
ENSG00000000854	chr19	32773135	32779991	+	711	protein_coding	GENE854	3
ENSG00000000855	chr17	15122742	15127293	-	1208	protein_coding	GENE855	73
ENSG00000000856	chrX	65499967	65512697	-	4131	protein_coding	GENE856	17
ENSG00000000857	chr11	7354581	7363586	+	4868	protein_coding	GENE857	24
ENSG00000000858	chr5	49032100	49039053	+	2646	protein_coding	GENE858	32
ENSG00000000859	chr8	78760691	78773740	+	5664	lncRNA	GENE859	18
ENSG00000000860	chr21	14124073	14134646	-	4369	protein_coding	GENE860	53
ENSG00000000861	chr3	4104466	4118884	+	6523	protein_coding	GENE861	25
ENSG00000000862	chr12	89733048	89742819	+	6524	lncRNA	GENE862	38
ENSG00000000863	chr3	12597231	12607363	-	1372	protein_coding	GENE863	2
ENSG00000000864	chr12	23698684	23708277	+	3926	protein_coding	GENE864	48
ENSG00000000865	chr17	58938997	58944630	+	1598	protein_coding	GENE865	44
ENSG00000000866	chrX	17716027	17728847	-	5048	snRNA	GENE866	16
ENSG00000000867	chr12	57419492	57429854	-	6173	protein_coding	GENE867	18
ENSG00000000868	chr1	6174445	6183118	+	7471	protein_coding	GENE868	221
ENSG00000000869	chr19	40854938	40859062	-	831	lncRNA	GENE869	18
ENSG00000000870	chr12	10972122	10980609	-	3934	protein_coding	GENE870	19
ENSG00000000871	chr13	53318944	53325345	+	4858	protein_coding	GENE871	51
ENSG00000000872	chrY	50800967	50804848	-	1991	lncRNA	GENE872	32
ENSG00000000873	chr2	82871808	82879219	-	4472	protein_coding	GENE873	2
ENSG00000000874	chr17	40765447	40774501	+	6146	protein_coding	GENE874	39
ENSG00000000875	chr10	31778173	31788919	+	4943	protein_coding	GENE875	60
ENSG00000000876	chr18	59915409	59919228	+	1499	protein_coding	GENE876	104
ENSG00000000877	chr2	32393401	32402601	+	5770	miRNA	GENE877	119
ENSG00000000878	chr18	69670954	69683857	-	5394	snoRNA	GENE878	44
ENSG00000000879	chr5	13975400	13989651	-	5687	protein_coding	GENE879	22
ENSG00000000880	chr3	76153165	76162356	+	6521	protein_coding	GENE880	3
ENSG00000000881	chr8	54927718	54928951	+	638	protein_coding	GENE881	5
ENSG00000000882	chr16	20192926	20202740	+	2475	protein_coding	GENE882	17
ENSG00000000883	chr1	84843762	84851973	-	1947	snRNA	GENE883	6
ENSG00000000884	chr22	27546137	27555219	-	7419	protein_coding	GENE884	29
ENSG00000000885	chrX	73846825	73855021	+	2141	protein_coding	GENE885	39
ENSG00000000886	chr5	85474737	85479871	+	2965	protein_coding	GENE886	117
ENSG00000000887	chr10	22661954	22673011	-	6164	protein_coding	GENE887	1
ENSG00000000888	chr19	88460986	88470956	-	3293	lncRNA	GENE888	131
ENSG00000000889	chr3	54945421	54954593	-	3087	protein_coding	GENE889	15
ENSG00000000890	chr12	33918496	33927437	-	1593	lncRNA	GENE890	12
ENSG00000000891	chr18	89886947	89892092	-	2132	protein_coding	GENE891	8
ENSG00000000892	chr20	61120582	61127239	-	2005	lncRNA	GENE892	21
ENSG00000000893	chr17	86199054	86205245	+	4701	protein_coding	GENE893	28
ENSG00000000894	chr8	88084899	88091972	+	1200	protein_coding	GENE894	17
ENSG00000000895	chr19	5444528	5452745	-	4846	protein_coding	GENE895	5
ENSG00000000896	chr9	61439694	61448113	+	4566	protein_coding	GENE896	26
ENSG00000000897	chr16	84288801	84300293	+	5133	protein_coding	GENE897	34
ENSG00000000898	chr15	36404648	36413688	-	7069	protein_coding	GENE898	68
ENSG00000000899	chr19	56180281	56189713	-	3845	protein_coding	GENE899	56
ENSG00000000900	chr5	53680472	53686624	+	1619	miRNA	GENE900	5
ENSG00000000901	chrX	51195356	51200335	+	1690	protein_coding	GENE901	29
ENSG00000000902	chr21	49049764	49058222	+	3709	protein_coding	GENE902	8
ENSG00000000903	chr9	31551963	31560226	-	1368	snoRNA	GENE903	17
ENSG00000000904	chr6	42910646	42918063	-	1619	protein_coding	GENE904	11
ENSG00000000905	chrX	16558032	16566622	-	3520	protein_coding	GENE905	6
ENSG00000000906	chr12	48812770	48824588	-	6796	protein_coding	GENE906	10
ENSG00000000907	chr10	63437273	63448747	-	6745	protein_coding	GENE907	2
ENSG00000000908	chr3	85182634	85190852	-	1932	lncRNA	GENE908	54
ENSG00000000909	chr5	39743642	39746790	+	978	lncRNA	GENE909	1
ENSG00000000910	chr1	35271334	35280138	-	5894	snoRNA	GENE910	16
ENSG00000000911	chr20	85134649	85140808	-	1954	protein_coding	GENE911	17
ENSG00000000912	chr2	59984856	59988387	-	1409	protein_coding	GENE912	2
ENSG00000000913	chr7	63876969	63883380	-	5237	protein_coding	GENE913	41
ENSG00000000914	chr14	49922702	49929476	-	2943	protein_coding	GENE914	64
ENSG00000000915	chr15	49706933	49717769	-	2310	protein_coding	GENE915	11
ENSG00000000916	chr10	50021801	50030829	-	6891	snRNA	GENE916	107
ENSG00000000917	chr8	45339623	45354593	-	7706	protein_coding	GENE917	28
ENSG00000000918	chr5	55279688	55288386	-	5969	protein_coding	GENE918	22
ENSG00000000919	chr12	87210854	87217009	-	3330	protein_coding	GENE919	97
ENSG00000000920	chr4	18948773	18954902	+	5169	lncRNA	GENE920	79
ENSG00000000921	chr2	1975642	1988523	-	4850	protein_coding	GENE921	28
ENSG00000000922	chr4	52179371	52189337	+	2636	protein_coding	GENE922	37
ENSG00000000923	chr22	84850291	84857659	+	4496	protein_coding	GENE923	82
ENSG00000000924	chr15	24089188	24098213	-	2120	protein_coding	GENE924	10
ENSG00000000925	chr16	52439653	52452596	+	4669	protein_coding	GENE925	20
ENSG00000000926	chr4	57392640	57403277	+	3470	protein_coding	GENE926	10
ENSG00000000927	chr6	60038231	60047746	+	4682	lncRNA	GENE927	19
ENSG00000000928	chr22	2153388	2161063	+	4555	protein_coding	GENE928	15
ENSG00000000929	chr1	39206658	39214415	-	5781	protein_coding	GENE929	28
ENSG00000000930	chr21	32066347	32079138	-	7496	protein_coding	GENE930	27
ENSG00000000931	chr12	1468946	1476774	-	3915	protein_coding	GENE931	23
ENSG00000000932	chr6	76993355	77006112	-	5577	protein_coding	GENE932	21
ENSG00000000933	chr4	76946354	76957358	-	4261	protein_coding	GENE933	11
ENSG00000000934	chr1	54560156	54568939	+	6900	lncRNA	GENE934	7
ENSG00000000935	chr8	48289056	48302693	+	5307	protein_coding	GENE935	4
ENSG00000000936	chr12	14978278	14988711	-	7647	protein_coding	GENE936	373
ENSG00000000937	chr9	38043605	38051362	+	2118	lncRNA	GENE937	10
ENSG00000000938	chrX	57301662	57311140	-	4679	protein_coding	GENE938	33
ENSG00000000939	chr3	52570501	52581880	+	6148	protein_coding	GENE939	14
ENSG00000000940	chr19	79344180	79347686	-	1983	snoRNA	GENE940	26
ENSG00000000941	chr16	49353388	49363328	+	6562	protein_coding	GENE941	32
ENSG00000000942	chr16	72095312	72107223	+	5341	protein_coding	GENE942	58
ENSG00000000943	chr7	57830834	57840294	-	3497	protein_coding	GENE943	124
ENSG00000000944	chr12	76853805	76867335	+	7602	protein_coding	GENE944	204
ENSG00000000945	chr12	57924282	57936079	+	4642	protein_coding	GENE945	8
ENSG00000000946	chr22	81204355	81211697	+	2937	protein_coding	GENE946	69
ENSG00000000947	chr2	22355415	22365463	-	7982	protein_coding	GENE947	18
ENSG00000000948	chr9	1621131	1629713	+	2902	protein_coding	GENE948	7
ENSG00000000949	chr18	68272095	68279200	-	1248	snoRNA	GENE949	132
ENSG00000000950	chr15	17906288	17918662	-	4930	protein_coding	GENE950	17
ENSG00000000951	chr8	85662291	85669945	-	4448	protein_coding	GENE951	56
ENSG00000000952	chr8	14462528	14466706	-	1358	protein_coding	GENE952	7
ENSG00000000953	chr9	8856905	8866344	+	1243	protein_coding	GENE953	20
ENSG00000000954	chr4	58904869	58911004	-	2851	protein_coding	GENE954	34
ENSG00000000955	chr7	48630401	48640620	+	1706	snRNA	GENE955	25
ENSG00000000956	chr14	88456205	88463502	+	3311	protein_coding	GENE956	5
ENSG00000000957	chr7	57527047	57536035	-	6403	protein_coding	GENE957	19
ENSG00000000958	chrX	84970371	84984799	-	7440	protein_coding	GENE958	30
ENSG00000000959	chrX	20918969	20931968	-	5431	protein_coding	GENE959	31
ENSG00000000960	chr21	30027282	30035254	+	5317	protein_coding	GENE960	15
ENSG00000000961	chr3	64228098	64236150	-	7101	protein_coding	GENE961	28
ENSG00000000962	chr5	89309878	89317955	-	7324	protein_coding	GENE962	13
ENSG00000000963	chrX	22061825	22073947	+	7832	snoRNA	GENE963	48
ENSG00000000964	chr8	48509033	48515533	+	2957	protein_coding	GENE964	85
ENSG00000000965	chr6	45222146	45231810	+	3399	protein_coding	GENE965	25
ENSG00000000966	chr4	3623056	3633769	-	5346	protein_coding	GENE966	5
ENSG00000000967	chr2	47392760	47402950	-	6798	protein_coding	GENE967	8
ENSG00000000968	chr22	3073995	3082924	-	3838	protein_coding	GENE968	2
ENSG00000000969	chr13	42259838	42270669	-	3829	protein_coding	GENE969	48
ENSG00000000970	chr20	16914654	16924360	-	3248	protein_coding	GENE970	59
ENSG00000000971	chr1	28332591	28344868	+	5345	lncRNA	GENE971	71
ENSG00000000972	chr17	31535289	31540643	-	3274	protein_coding	GENE972	48
ENSG00000000973	chr13	15766815	15778773	+	7894	miRNA	GENE973	13
ENSG00000000974	chr8	8600081	8607461	-	2456	lncRNA	GENE974	16
ENSG00000000975	chr5	6277619	6291102	+	6950	protein_coding	GENE975	132
ENSG00000000976	chr7	1223252	1230729	+	4720	lncRNA	GENE976	14
ENSG00000000977	chr20	76675483	76687937	+	6769	protein_coding	GENE977	31
ENSG00000000978	chr3	13088421	13101606	-	7782	protein_coding	GENE978	135
ENSG00000000979	chr15	46949945	46958388	+	3228	protein_coding	GENE979	7
ENSG00000000980	chr13	29407816	29416863	-	4241	protein_coding	GENE980	22
ENSG00000000981	chr6	32636378	32645295	-	5307	lncRNA	GENE981	14
ENSG00000000982	chr21	51721671	51731970	+	6707	miRNA	GENE982	29
ENSG00000000983	chr6	80318418	80329302	+	4119	lncRNA	GENE983	12
ENSG00000000984	chr7	88841706	88853462	-	3108	protein_coding	GENE984	18
ENSG00000000985	chr17	54628418	54634284	-	1661	protein_coding	GENE985	9
ENSG00000000986	chr3	80438481	80447337	+	7542	miRNA	GENE986	38
ENSG00000000987	chr5	26146460	26155975	-	2276	protein_coding	GENE987	2
ENSG00000000988	chrX	70303432	70311958	-	1888	protein_coding	GENE988	6
ENSG00000000989	chr2	65137123	65144013	-	5008	miRNA	GENE989	10
ENSG00000000990	chr15	72783367	72788933	-	3765	protein_coding	GENE990	65
ENSG00000000991	chr2	21397806	21405077	-	2901	protein_coding	GENE991	47
ENSG00000000992	chr8	49110405	49118847	-	5180	snRNA	GENE992	15
ENSG00000000993	chrY	13612992	13620417	-	2743	protein_coding	GENE993	6
ENSG00000000994	chr6	47959431	47966144	-	5100	protein_coding	GENE994	22
ENSG00000000995	chr2	72586264	72596807	+	5605	miRNA	GENE995	21
ENSG00000000996	chr13	22726732	22736472	-	6606	lncRNA	GENE996	10
ENSG00000000997	chr12	15897531	15913200	-	6184	lncRNA	GENE997	34
ENSG00000000998	chr7	80331356	80342016	-	4525	snRNA	GENE998	16
ENSG00000000999	chr4	58660699	58665451	+	1963	protein_coding	GENE999	17
ENSG00000001000	chr11	70262365	70272366	-	3928	lncRNA	GENE1000	8
ENSG00000001001	chrX	65009596	65022080	+	4496	protein_coding	GENE1001	3
ENSG00000001002	chrX	43132569	43139907	+	4630	lncRNA	GENE1002	13
ENSG00000001003	chrY	6741788	6750591	+	7257	protein_coding	GENE1003	15
ENSG00000001004	chr9	32699334	32708071	-	7201	snRNA	GENE1004	21
ENSG00000001005	chrX	5273875	5284249	+	5381	protein_coding	GENE1005	16
ENSG00000001006	chr10	38019207	38027950	-	7625	miRNA	GENE1006	7
ENSG00000001007	chr20	65009997	65014391	+	3145	lncRNA	GENE1007	17
ENSG00000001008	chr6	69315052	69320553	+	1949	protein_coding	GENE1008	3
ENSG00000001009	chr20	39672344	39681889	-	2737	protein_coding	GENE1009	48
ENSG00000001010	chr20	82983607	82987453	+	2604	protein_coding	GENE1010	16
ENSG00000001011	chr7	77478005	77482903	+	1609	protein_coding	GENE1011	28
ENSG00000001012	chr22	28838290	28844466	+	3672	protein_coding	GENE1012	9
ENSG00000001013	chr7	88564790	88569233	+	2623	protein_coding	GENE1013	6
ENSG00000001014	chr10	33065303	33071669	-	2888	protein_coding	GENE1014	39
ENSG00000001015	chr12	67239886	67254607	-	6851	protein_coding	GENE1015	12
ENSG00000001016	chr20	8814120	8826338	-	7171	protein_coding	GENE1016	40
ENSG00000001017	chr8	17493492	17503020	+	6576	protein_coding	GENE1017	28
ENSG00000001018	chr8	78878407	78887225	-	6887	protein_coding	GENE1018	8
ENSG00000001019	chr10	44447949	44452081	+	1657	protein_coding	GENE1019	4
ENSG00000001020	chr1	64634539	64644083	-	3002	protein_coding	GENE1020	33
ENSG00000001021	chr9	81872132	81882277	+	1040	protein_coding	GENE1021	3
ENSG00000001022	chr6	39514163	39525076	-	5516	protein_coding	GENE1022	82
ENSG00000001023	chr18	62582138	62592692	+	5896	snoRNA	GENE1023	25
ENSG00000001024	chr15	20738213	20746949	-	3637	protein_coding	GENE1024	55
ENSG00000001025	chr11	44929198	44939231	-	7794	miRNA	GENE1025	41
ENSG00000001026	chr21	19274846	19285797	-	7957	protein_coding	GENE1026	42
ENSG00000001027	chr21	63479448	63488961	+	3536	protein_coding	GENE1027	13
ENSG00000001028	chr6	53105931	53112689	+	1330	protein_coding	GENE1028	1
ENSG00000001029	chr8	76178394	76182257	+	1091	protein_coding	GENE1029	19
ENSG00000001030	chr6	26938317	26951412	-	6338	protein_coding	GENE1030	47
ENSG00000001031	chr21	1189320	1199848	+	4792	protein_coding	GENE1031	7
ENSG00000001032	chr22	80008058	80018972	+	5005	protein_coding	GENE1032	26
ENSG00000001033	chr1	74706399	74714640	+	3265	protein_coding	GENE1033	3
ENSG00000001034	chr16	5399869	5410330	-	6425	protein_coding	GENE1034	274
ENSG00000001035	chr5	59298177	59307060	-	4364	lncRNA	GENE1035	8
ENSG00000001036	chrX	60545106	60557984	+	4965	protein_coding	GENE1036	11
ENSG00000001037	chr3	59684300	59693242	-	2988	protein_coding	GENE1037	8
ENSG00000001038	chr7	57382798	57396187	+	7745	protein_coding	GENE1038	8
ENSG00000001039	chr20	9883925	9893303	-	4669	protein_coding	GENE1039	46
ENSG00000001040	chr7	68990201	68996457	+	2295	protein_coding	GENE1040	20
ENSG00000001041	chr20	10846507	10855344	+	6093	lncRNA	GENE1041	17
ENSG00000001042	chr17	12791277	12803208	-	4701	protein_coding	GENE1042	70
ENSG00000001043	chr10	45566456	45571450	+	2216	lncRNA	GENE1043	11
ENSG00000001044	chr2	73858860	73869713	-	6065	protein_coding	GENE1044	9
ENSG00000001045	chr18	64194150	64205163	+	6920	protein_coding	GENE1045	54
ENSG00000001046	chr12	68420546	68427788	-	5702	protein_coding	GENE1046	46
ENSG00000001047	chr3	3232127	3242590	-	6586	protein_coding	GENE1047	114
ENSG00000001048	chr2	89839904	89849628	-	5671	lncRNA	GENE1048	47
ENSG00000001049	chr16	87837161	87847242	-	3657	protein_coding	GENE1049	14
ENSG00000001050	chr4	12279254	12286191	+	1701	protein_coding	GENE1050	29
ENSG00000001051	chr15	76938452	76945034	-	904	protein_coding	GENE1051	2
ENSG00000001052	chr6	11086537	11094964	-	6447	miRNA	GENE1052	6
ENSG00000001053	chr4	39307316	39313904	-	3594	protein_coding	GENE1053	82
ENSG00000001054	chr22	22966570	22977079	-	2321	protein_coding	GENE1054	12
ENSG00000001055	chr19	578831	588888	+	3071	lncRNA	GENE1055	11
ENSG00000001056	chr19	34456540	34466984	-	7738	protein_coding	GENE1056	84
ENSG00000001057	chr9	1657470	1668484	+	7806	protein_coding	GENE1057	8
ENSG00000001058	chr15	35847508	35852964	+	2620	protein_coding	GENE1058	18
ENSG00000001059	chr12	78738474	78752454	-	6278	protein_coding	GENE1059	10
ENSG00000001060	chr20	43982513	43994996	-	6859	snoRNA	GENE1060	14
ENSG00000001061	chr20	37649822	37661172	-	4461	protein_coding	GENE1061	26
ENSG00000001062	chr8	56606777	56617206	-	5349	protein_coding	GENE1062	16
ENSG00000001063	chr3	4738979	4754403	-	6766	protein_coding	GENE1063	9
ENSG00000001064	chr17	76506130	76514487	+	5198	lncRNA	GENE1064	1
ENSG00000001065	chr18	85632912	85645308	-	7045	protein_coding	GENE1065	7
ENSG00000001066	chr14	86384269	86389145	+	2332	lncRNA	GENE1066	36
ENSG00000001067	chr10	27109330	27122275	+	4209	lncRNA	GENE1067	13
ENSG00000001068	chr21	12230687	12238126	-	1343	protein_coding	GENE1068	9
ENSG00000001069	chr18	87558762	87564076	+	1993	protein_coding	GENE1069	4
ENSG00000001070	chr19	22449852	22461546	+	3926	protein_coding	GENE1070	51
ENSG00000001071	chr22	62462833	62474468	+	6069	protein_coding	GENE1071	10
ENSG00000001072	chr3	62427084	62434809	-	2378	protein_coding	GENE1072	5
ENSG00000001073	chr22	11075850	11086534	-	4709	protein_coding	GENE1073	14
ENSG00000001074	chr15	17138253	17148417	+	5934	lncRNA	GENE1074	42
ENSG00000001075	chr21	62379163	62391294	-	5205	protein_coding	GENE1075	199
ENSG00000001076	chr13	42774029	42777071	+	1308	protein_coding	GENE1076	7
ENSG00000001077	chr6	53127253	53134329	-	3853	protein_coding	GENE1077	2
ENSG00000001078	chr15	79157743	79170746	-	5307	protein_coding	GENE1078	1
ENSG00000001079	chrX	33308559	33320047	+	5163	protein_coding	GENE1079	108
ENSG00000001080	chr17	48027173	48035021	-	5911	protein_coding	GENE1080	15
ENSG00000001081	chr5	46317087	46326992	-	2733	protein_coding	GENE1081	1
ENSG00000001082	chrX	85576928	85584143	-	1379	protein_coding	GENE1082	73
ENSG00000001083	chr4	116373	123817	-	4849	protein_coding	GENE1083	29
ENSG00000001084	chr15	10078229	10087596	+	4241	protein_coding	GENE1084	47
ENSG00000001085	chr9	76493926	76496688	+	822	snRNA	GENE1085	38
ENSG00000001086	chr6	27200157	27208554	+	3721	lncRNA	GENE1086	141
ENSG00000001087	chr10	63358094	63365540	+	2992	miRNA	GENE1087	3
ENSG00000001088	chr19	7705797	7715906	-	5086	protein_coding	GENE1088	16
ENSG00000001089	chr9	46258688	46266517	-	1492	lncRNA	GENE1089	32
ENSG00000001090	chr18	85663213	85667532	+	1290	lncRNA	GENE1090	40
ENSG00000001091	chr8	87491341	87496896	+	3961	protein_coding	GENE1091	6
ENSG00000001092	chr10	65611813	65616186	+	1838	lncRNA	GENE1092	30
ENSG00000001093	chr2	23339241	23355789	-	7633	protein_coding	GENE1093	108
ENSG00000001094	chr2	87666202	87676772	-	6010	snRNA	GENE1094	60
ENSG00000001095	chr15	6301072	6312350	-	4864	protein_coding	GENE1095	15
ENSG00000001096	chr3	69195980	69200118	+	841	protein_coding	GENE1096	63
ENSG00000001097	chr17	49565214	49572016	+	5841	protein_coding	GENE1097	92
ENSG00000001098	chr22	69968875	69977171	-	7348	protein_coding	GENE1098	24
ENSG00000001099	chr21	48256620	48265135	-	3051	protein_coding	GENE1099	16
ENSG00000001100	chr5	51328915	51335889	+	614	snoRNA	GENE1100	9
ENSG00000001101	chr7	6905076	6913435	-	6499	protein_coding	GENE1101	29
ENSG00000001102	chrX	23614595	23625110	-	3187	lncRNA	GENE1102	15
ENSG00000001103	chr5	16025248	16033887	+	2780	snRNA	GENE1103	49
ENSG00000001104	chr12	22450155	22460906	+	7683	protein_coding	GENE1104	20
ENSG00000001105	chr11	27838933	27848856	-	6359	protein_coding	GENE1105	6
ENSG00000001106	chr12	61417732	61431970	-	6380	lncRNA	GENE1106	69
ENSG00000001107	chr20	29846844	29858478	+	5771	protein_coding	GENE1107	2
ENSG00000001108	chr20	23966481	23977627	-	6337	lncRNA	GENE1108	54
ENSG00000001109	chr2	48925021	48928990	-	1580	protein_coding	GENE1109	2
ENSG00000001110	chr8	6855353	6866950	+	7056	protein_coding	GENE1110	20
ENSG00000001111	chr9	84305841	84312489	+	3768	protein_coding	GENE1111	32
ENSG00000001112	chr19	4539850	4552422	+	7472	protein_coding	GENE1112	27
ENSG00000001113	chr12	51667908	51677246	+	6204	protein_coding	GENE1113	8
ENSG00000001114	chr15	12842901	12851797	-	4827	protein_coding	GENE1114	8
ENSG00000001115	chr17	55963572	55969737	+	3694	protein_coding	GENE1115	10
ENSG00000001116	chr4	88791290	88801766	+	5446	protein_coding	GENE1116	16
ENSG00000001117	chr10	14276045	14286256	-	6154	lncRNA	GENE1117	53
ENSG00000001118	chr17	2744468	2750799	-	4693	protein_coding	GENE1118	30
ENSG00000001119	chrX	54359394	54369604	-	4078	lncRNA	GENE1119	1
ENSG00000001120	chr1	84561228	84576187	+	7963	protein_coding	GENE1120	8
ENSG00000001121	chr10	68724936	68735101	-	4810	protein_coding	GENE1121	3
ENSG00000001122	chr6	37373951	37380601	+	3040	protein_coding	GENE1122	42
ENSG00000001123	chr22	74675641	74684757	+	4280	protein_coding	GENE1123	2
ENSG00000001124	chr21	9542132	9552281	-	7682	snoRNA	GENE1124	52
ENSG00000001125	chr5	19727351	19732397	+	2668	snoRNA	GENE1125	70
ENSG00000001126	chr8	72668506	72671656	+	1541	lncRNA	GENE1126	12
ENSG00000001127	chr21	28092983	28103849	-	4711	protein_coding	GENE1127	51
ENSG00000001128	chrX	14840698	14853295	-	7355	snRNA	GENE1128	51
ENSG00000001129	chr5	34346823	34360553	+	7667	lncRNA	GENE1129	71
ENSG00000001130	chr2	57663560	57672525	-	4951	protein_coding	GENE1130	5
ENSG00000001131	chr10	83484469	83495462	+	4386	protein_coding	GENE1131	10
ENSG00000001132	chr14	62382038	62387260	-	3863	protein_coding	GENE1132	31
ENSG00000001133	chr15	42491519	42499019	-	5293	protein_coding	GENE1133	9
ENSG00000001134	chr4	46315717	46323711	+	4186	protein_coding	GENE1134	8
ENSG00000001135	chr4	31176825	31188593	-	7988	protein_coding	GENE1135	40
ENSG00000001136	chr3	66456284	66460752	-	1109	protein_coding	GENE1136	57
ENSG00000001137	chr5	64682256	64690375	+	1735	protein_coding	GENE1137	30
ENSG00000001138	chr18	38709989	38716631	+	4462	protein_coding	GENE1138	14
ENSG00000001139	chr14	41923420	41932585	-	4484	protein_coding	GENE1139	36
ENSG00000001140	chr7	31051535	31061621	-	6094	protein_coding	GENE1140	43
ENSG00000001141	chr6	41077012	41081009	+	1250	miRNA	GENE1141	14
ENSG00000001142	chr20	66790151	66801712	-	6518	protein_coding	GENE1142	75
ENSG00000001143	chr17	72608651	72620462	-	6960	protein_coding	GENE1143	16
ENSG00000001144	chr12	37511733	37518427	+	2772	protein_coding	GENE1144	10
ENSG00000001145	chr8	10627413	10637739	-	2049	snRNA	GENE1145	18
ENSG00000001146	chr9	33998779	34007314	-	6663	protein_coding	GENE1146	23
ENSG00000001147	chr12	69206587	69219691	-	7195	snoRNA	GENE1147	16
ENSG00000001148	chr5	59270211	59275954	+	1028	lncRNA	GENE1148	26
ENSG00000001149	chr16	89202327	89209534	+	1436	protein_coding	GENE1149	11
ENSG00000001150	chr13	26185064	26192290	-	4103	protein_coding	GENE1150	64
ENSG00000001151	chr21	70449456	70459956	-	3351	protein_coding	GENE1151	5
ENSG00000001152	chr11	77288482	77295395	-	779	lncRNA	GENE1152	27
ENSG00000001153	chr22	88104295	88115299	-	2854	protein_coding	GENE1153	24
ENSG00000001154	chr22	66687727	66698964	+	5206	protein_coding	GENE1154	14
ENSG00000001155	chr18	76905626	76916420	-	7871	protein_coding	GENE1155	24
ENSG00000001156	chr12	54032427	54042418	-	3026	protein_coding	GENE1156	15
ENSG00000001157	chrY	67322173	67334731	+	6947	protein_coding	GENE1157	29
ENSG00000001158	chr22	1794634	1803862	+	4842	protein_coding	GENE1158	60
ENSG00000001159	chr17	84712381	84724453	+	6802	protein_coding	GENE1159	17
ENSG00000001160	chr1	71793568	71806867	+	7472	protein_coding	GENE1160	8
ENSG00000001161	chr4	60531649	60540821	-	1571	protein_coding	GENE1161	2
ENSG00000001162	chr22	27744369	27754966	+	5895	protein_coding	GENE1162	21
ENSG00000001163	chr13	81221417	81232446	-	7448	protein_coding	GENE1163	18
ENSG00000001164	chr12	14909885	14918623	-	4491	protein_coding	GENE1164	28
ENSG00000001165	chr3	50368370	50370578	-	882	protein_coding	GENE1165	27
ENSG00000001166	chrX	36479405	36487670	+	5101	protein_coding	GENE1166	8
ENSG00000001167	chr16	49307390	49320859	-	3759	protein_coding	GENE1167	34
ENSG00000001168	chrX	32729830	32738881	+	3041	protein_coding	GENE1168	12
ENSG00000001169	chr11	55148591	55156502	-	3504	protein_coding	GENE1169	1
ENSG00000001170	chr6	5192117	5201753	+	2710	lncRNA	GENE1170	31
ENSG00000001171	chr12	14781179	14785559	+	1308	snRNA	GENE1171	19
ENSG00000001172	chr22	35587119	35595353	-	2198	protein_coding	GENE1172	22
ENSG00000001173	chr15	7529763	7538379	-	4549	protein_coding	GENE1173	66
ENSG00000001174	chr6	68721747	68731387	-	6615	protein_coding	GENE1174	5
ENSG00000001175	chr18	16894920	16902851	-	3541	lncRNA	GENE1175	4
ENSG00000001176	chr15	5668342	5680464	-	5485	protein_coding	GENE1176	25
ENSG00000001177	chr7	12385013	12394031	+	5122	protein_coding	GENE1177	23
ENSG00000001178	chr15	84457842	84468401	+	4441	protein_coding	GENE1178	68
ENSG00000001179	chr14	3672506	3679873	-	2607	protein_coding	GENE1179	22
ENSG00000001180	chr20	67108875	67116571	+	2332	protein_coding	GENE1180	9
ENSG00000001181	chr9	25344261	25352972	-	1525	protein_coding	GENE1181	35
ENSG00000001182	chr1	50469592	50478659	+	3878	protein_coding	GENE1182	6
ENSG00000001183	chr5	12566341	12574790	+	2319	snoRNA	GENE1183	9
ENSG00000001184	chr5	46826054	46835269	-	6256	protein_coding	GENE1184	12
ENSG00000001185	chr15	2550886	2558472	+	4804	lncRNA	GENE1185	22
ENSG00000001186	chr3	10827025	10833213	-	4162	protein_coding	GENE1186	19
ENSG00000001187	chr1	4740470	4745255	-	2317	protein_coding	GENE1187	6
ENSG00000001188	chr20	18599547	18611921	+	6683	protein_coding	GENE1188	2
ENSG00000001189	chr8	87266150	87283205	-	7746	protein_coding	GENE1189	62
ENSG00000001190	chr9	33196394	33203893	+	3305	lncRNA	GENE1190	18
ENSG00000001191	chr9	5183549	5195640	+	4737	protein_coding	GENE1191	92
ENSG00000001192	chr21	18950998	18955298	-	4002	protein_coding	GENE1192	34
ENSG00000001193	chr3	84639415	84651619	-	4585	snoRNA	GENE1193	103
ENSG00000001194	chr2	37216132	37225577	+	4741	protein_coding	GENE1194	32
ENSG00000001195	chr22	60901007	60916282	+	6987	protein_coding	GENE1195	8
ENSG00000001196	chr5	39224920	39231543	+	2083	lncRNA	GENE1196	12
ENSG00000001197	chr1	79734057	79750607	+	6935	protein_coding	GENE1197	57
ENSG00000001198	chr12	87511265	87525153	+	6444	protein_coding	GENE1198	30
ENSG00000001199	chr13	63952902	63962908	+	5778	protein_coding	GENE1199	17
ENSG00000001200	chr12	79720113	79734965	-	7715	protein_coding	GENE1200	267
