VARIANT CALLER POSTFILTER GVCF,HG002,Total,4918930,100.00
VARIANT CALLER POSTFILTER GVCF,HG002,Biallelic,4732182,96.20
VARIANT CALLER POSTFILTER GVCF,HG002,Multiallelic,186748,3.80
VARIANT CALLER POSTFILTER GVCF,HG002,SNPs,3955103,80.41
VARIANT CALLER POSTFILTER GVCF,HG002,Insertions (Hom),161002,3.27
VARIANT CALLER POSTFILTER GVCF,HG002,Insertions (Het),296002,6.02
VARIANT CALLER POSTFILTER GVCF,HG002,Deletions (Hom),159857,3.25
VARIANT CALLER POSTFILTER GVCF,HG002,Deletions (Het),297582,6.05
VARIANT CALLER POSTFILTER GVCF,HG002,Indels (Het),25258,0.51
VARIANT CALLER POSTFILTER GVCF,HG002,Chr X number of SNPs over genome,91258
VARIANT CALLER POSTFILTER GVCF,HG002,Chr Y number of SNPs over genome,4563
VARIANT CALLER POSTFILTER GVCF,HG002,(Chr X SNPs)/(chr Y SNPs) ratio over genome,20.00
VARIANT CALLER POSTFILTER GVCF,HG002,SNP Transitions,3642217
VARIANT CALLER POSTFILTER GVCF,HG002,SNP Transversions,1838587
VARIANT CALLER POSTFILTER GVCF,HG002,Ti/Tv ratio,1.98
VARIANT CALLER POSTFILTER GVCF,HG002,Heterozygous,2964965
VARIANT CALLER POSTFILTER GVCF,HG002,Homozygous,1844552
VARIANT CALLER POSTFILTER GVCF,HG002,Het/Hom ratio,1.61
VARIANT CALLER POSTFILTER GVCF,HG002,In dbSNP,0,0.00
VARIANT CALLER POSTFILTER GVCF,HG002,Not in dbSNP,0,0.00
VARIANT CALLER POSTFILTER GVCF,HG002,Percent Callability,97.4319
VARIANT CALLER POSTFILTER GVCF,HG002,Percent Autosome Callability,97.7178
