MAPPING/ALIGNING SUMMARY,,Total input reads,1218428488,100.00
MAPPING/ALIGNING SUMMARY,,Number of duplicate marked reads,69620748,5.71
MAPPING/ALIGNING SUMMARY,,Number of duplicate marked and mate reads removed,NA
MAPPING/ALIGNING SUMMARY,,Number of unique reads (excl. duplicate marked reads),1148807740,94.29
MAPPING/ALIGNING SUMMARY,,Reads with mate sequenced,1218428488,100.00
MAPPING/ALIGNING SUMMARY,,Reads without mate sequenced,0,0.00
MAPPING/ALIGNING SUMMARY,,QC-failed reads,0,0.00
MAPPING/ALIGNING SUMMARY,,Mapped reads,1186944335,97.42
MAPPING/ALIGNING SUMMARY,,Mapped reads adjusted for excluded mapping,1186944335,97.42
MAPPING/ALIGNING SUMMARY,,Mapped reads adjusted for filtered mapping,1208612884,99.19
MAPPING/ALIGNING SUMMARY,,Mapped reads adjusted for filtered and excluded mapping,1208612884,99.19
MAPPING/ALIGNING SUMMARY,,Mapped reads R1,596107773,97.85
MAPPING/ALIGNING SUMMARY,,Mapped reads R2,590836562,96.98
MAPPING/ALIGNING SUMMARY,,Number of unique & mapped reads (excl. duplicate marked reads),1117323587,91.70
MAPPING/ALIGNING SUMMARY,,Unmapped reads,31484153,2.58
MAPPING/ALIGNING SUMMARY,,Unmapped reads adjusted for filtered mapping,9815604,0.81
MAPPING/ALIGNING SUMMARY,,Unmapped reads adjusted for excluded mapping,31484153,2.58
MAPPING/ALIGNING SUMMARY,,Unmapped reads adjusted for filtered and excluded mapping,9815604,0.81
MAPPING/ALIGNING SUMMARY,,Adjustment of reads matching non-reference decoys,21668549,1.78
MAPPING/ALIGNING SUMMARY,,Adjustment of reads matching filter contigs,NA
MAPPING/ALIGNING SUMMARY,,Filtered rRNA reads,NA
MAPPING/ALIGNING SUMMARY,,Adjustment of reads matching exclude contigs,NA
MAPPING/ALIGNING SUMMARY,,Mitochondrial reads excluded,NA
MAPPING/ALIGNING SUMMARY,,Singleton reads (itself mapped; mate unmapped),6880461,0.56
MAPPING/ALIGNING SUMMARY,,Paired reads (itself & mate mapped),1180063874,96.85
MAPPING/ALIGNING SUMMARY,,Properly paired reads,1163362582,95.48
MAPPING/ALIGNING SUMMARY,,Not properly paired reads (discordant),16701292,1.37
MAPPING/ALIGNING SUMMARY,,Paired reads mapped to different chromosomes,14903772,1.26
MAPPING/ALIGNING SUMMARY,,Paired reads mapped to different chromosomes (MAPQ>=10),11523680,0.98
MAPPING/ALIGNING SUMMARY,,Reads mapping to multiple locations,68549702,5.63
MAPPING/ALIGNING SUMMARY,,Reads with MAPQ [40:inf),1088454561,89.33
MAPPING/ALIGNING SUMMARY,,Reads with MAPQ [30:40),3174304,0.26
MAPPING/ALIGNING SUMMARY,,Reads with MAPQ [20:30),9254647,0.76
MAPPING/ALIGNING SUMMARY,,Reads with MAPQ [10:20),11988116,0.98
MAPPING/ALIGNING SUMMARY,,Reads with MAPQ [ 0:10),74072707,6.08
MAPPING/ALIGNING SUMMARY,,Reads with MAPQ NA (Unmapped reads),31484153,2.58
MAPPING/ALIGNING SUMMARY,,Reads with indel R1,17867099,3.00
MAPPING/ALIGNING SUMMARY,,Reads with indel R2,19253744,3.26
MAPPING/ALIGNING SUMMARY,,Reads with splice junction,NA
MAPPING/ALIGNING SUMMARY,,Total bases,179950169527
MAPPING/ALIGNING SUMMARY,,Total bases R1,89950334005
MAPPING/ALIGNING SUMMARY,,Total bases R2,89999835522
MAPPING/ALIGNING SUMMARY,,Mapped bases,175324919523
MAPPING/ALIGNING SUMMARY,,Mapped bases R1,88049441427
MAPPING/ALIGNING SUMMARY,,Mapped bases R2,87275478096
MAPPING/ALIGNING SUMMARY,,Soft-clipped bases,1393267967,0.79
MAPPING/ALIGNING SUMMARY,,Soft-clipped bases R1,513128820,0.58
MAPPING/ALIGNING SUMMARY,,Soft-clipped bases R2,880139147,1.01
MAPPING/ALIGNING SUMMARY,,Hard-clipped bases,0,0.00
MAPPING/ALIGNING SUMMARY,,Hard-clipped bases R1,0,0.00
MAPPING/ALIGNING SUMMARY,,Hard-clipped bases R2,0,0.00
MAPPING/ALIGNING SUMMARY,,Mismatched bases R1,305542698,0.35
MAPPING/ALIGNING SUMMARY,,Mismatched bases R2,351769934,0.40
MAPPING/ALIGNING SUMMARY,,Mismatched bases R1 (excl. indels),242236937,0.28
MAPPING/ALIGNING SUMMARY,,Mismatched bases R2 (excl. indels),283718192,0.33
MAPPING/ALIGNING SUMMARY,,Q30 bases,171031125915,95.04
MAPPING/ALIGNING SUMMARY,,Q30 bases R1,85950175566,95.55
MAPPING/ALIGNING SUMMARY,,Q30 bases R2,85080950349,94.53
MAPPING/ALIGNING SUMMARY,,Q30 bases (excl. dups & clipped bases),161186962290
MAPPING/ALIGNING SUMMARY,,Total alignments,1192182689
MAPPING/ALIGNING SUMMARY,,Secondary alignments,0
MAPPING/ALIGNING SUMMARY,,Supplementary (chimeric) alignments,5238354
MAPPING/ALIGNING SUMMARY,,Estimated read length,147.69
MAPPING/ALIGNING SUMMARY,,Total reads removed by downsampling,NA
MAPPING/ALIGNING SUMMARY,,Total bases removed by downsampling,NA
MAPPING/ALIGNING SUMMARY,,Bases in reference genome,3678655704
MAPPING/ALIGNING SUMMARY,,Bases in target bed [% of genome],NA
MAPPING/ALIGNING SUMMARY,,Insert length: mean,292.58
MAPPING/ALIGNING SUMMARY,,Insert length: median,282.00
MAPPING/ALIGNING SUMMARY,,Insert length: standard deviation,108.41
MAPPING/ALIGNING SUMMARY,,Provided sex chromosome ploidy,NA
MAPPING/ALIGNING SUMMARY,,Estimated sample contamination,0.0000
MAPPING/ALIGNING SUMMARY,,DRAGEN mapping rate [mil. reads/second],1.82
MAPPING/ALIGNING PER RG,HG002_23KCWCLT3_4,Total reads in RG,240697896,100.00
MAPPING/ALIGNING PER RG,HG002_23KCWCLT3_4,Number of duplicate marked reads,11305631,4.70
MAPPING/ALIGNING PER RG,HG002_23KCWCLT3_4,Number of duplicate marked and mate reads removed,NA
MAPPING/ALIGNING PER RG,HG002_23KCWCLT3_4,Number of unique reads (excl. duplicate marked reads),229392265,95.30
MAPPING/ALIGNING PER RG,HG002_23KCWCLT3_4,Reads with mate sequenced,240697896,100.00
MAPPING/ALIGNING PER RG,HG002_23KCWCLT3_4,Reads without mate sequenced,0,0.00
MAPPING/ALIGNING PER RG,HG002_23KCWCLT3_4,QC-failed reads,0,0.00
MAPPING/ALIGNING PER RG,HG002_23KCWCLT3_4,Mapped reads,234405263,97.39
MAPPING/ALIGNING PER RG,HG002_23KCWCLT3_4,Mapped reads adjusted for excluded mapping,234405263,97.39
MAPPING/ALIGNING PER RG,HG002_23KCWCLT3_4,Mapped reads adjusted for filtered mapping,238690109,99.17
MAPPING/ALIGNING PER RG,HG002_23KCWCLT3_4,Mapped reads adjusted for filtered and excluded mapping,238690109,99.17
MAPPING/ALIGNING PER RG,HG002_23KCWCLT3_4,Mapped reads R1,117736911,97.83
MAPPING/ALIGNING PER RG,HG002_23KCWCLT3_4,Mapped reads R2,116668352,96.94
MAPPING/ALIGNING PER RG,HG002_23KCWCLT3_4,Number of unique & mapped reads (excl. duplicate marked reads),223099632,92.69
MAPPING/ALIGNING PER RG,HG002_23KCWCLT3_4,Unmapped reads,6292633,2.61
MAPPING/ALIGNING PER RG,HG002_23KCWCLT3_4,Unmapped reads adjusted for filtered mapping,2007787,0.83
MAPPING/ALIGNING PER RG,HG002_23KCWCLT3_4,Unmapped reads adjusted for excluded mapping,6292633,2.61
MAPPING/ALIGNING PER RG,HG002_23KCWCLT3_4,Unmapped reads adjusted for filtered and excluded mapping,2007787,0.83
MAPPING/ALIGNING PER RG,HG002_23KCWCLT3_4,Adjustment of reads matching non-reference decoys,4284846,1.78
MAPPING/ALIGNING PER RG,HG002_23KCWCLT3_4,Adjustment of reads matching filter contigs,NA
MAPPING/ALIGNING PER RG,HG002_23KCWCLT3_4,Filtered rRNA reads,NA
MAPPING/ALIGNING PER RG,HG002_23KCWCLT3_4,Adjustment of reads matching exclude contigs,NA
MAPPING/ALIGNING PER RG,HG002_23KCWCLT3_4,Mitochondrial reads excluded,NA
MAPPING/ALIGNING PER RG,HG002_23KCWCLT3_4,Singleton reads (itself mapped; mate unmapped),1394179,0.58
MAPPING/ALIGNING PER RG,HG002_23KCWCLT3_4,Paired reads (itself & mate mapped),233011084,96.81
MAPPING/ALIGNING PER RG,HG002_23KCWCLT3_4,Properly paired reads,229900366,95.51
MAPPING/ALIGNING PER RG,HG002_23KCWCLT3_4,Not properly paired reads (discordant),3110718,1.29
MAPPING/ALIGNING PER RG,HG002_23KCWCLT3_4,Paired reads mapped to different chromosomes,2773066,1.19
MAPPING/ALIGNING PER RG,HG002_23KCWCLT3_4,Paired reads mapped to different chromosomes (MAPQ>=10),2131053,0.91
MAPPING/ALIGNING PER RG,HG002_23KCWCLT3_4,Reads mapping to multiple locations,13526718,5.62
MAPPING/ALIGNING PER RG,HG002_23KCWCLT3_4,Reads with MAPQ [40:inf),214968885,89.31
MAPPING/ALIGNING PER RG,HG002_23KCWCLT3_4,Reads with MAPQ [30:40),628063,0.26
MAPPING/ALIGNING PER RG,HG002_23KCWCLT3_4,Reads with MAPQ [20:30),1835578,0.76
MAPPING/ALIGNING PER RG,HG002_23KCWCLT3_4,Reads with MAPQ [10:20),2363701,0.98
MAPPING/ALIGNING PER RG,HG002_23KCWCLT3_4,Reads with MAPQ [ 0:10),14609036,6.07
MAPPING/ALIGNING PER RG,HG002_23KCWCLT3_4,Reads with MAPQ NA (Unmapped reads),6292633,2.61
MAPPING/ALIGNING PER RG,HG002_23KCWCLT3_4,Reads with indel R1,3519422,2.99
MAPPING/ALIGNING PER RG,HG002_23KCWCLT3_4,Reads with indel R2,3775054,3.24
MAPPING/ALIGNING PER RG,HG002_23KCWCLT3_4,Reads with splice junction,NA
MAPPING/ALIGNING PER RG,HG002_23KCWCLT3_4,Total bases,35530010125
MAPPING/ALIGNING PER RG,HG002_23KCWCLT3_4,Total bases R1,17759854009
MAPPING/ALIGNING PER RG,HG002_23KCWCLT3_4,Total bases R2,17770156116
MAPPING/ALIGNING PER RG,HG002_23KCWCLT3_4,Mapped bases,34606176557
MAPPING/ALIGNING PER RG,HG002_23KCWCLT3_4,Mapped bases R1,17381467138
MAPPING/ALIGNING PER RG,HG002_23KCWCLT3_4,Mapped bases R2,17224709419
MAPPING/ALIGNING PER RG,HG002_23KCWCLT3_4,Soft-clipped bases,278344187,0.80
MAPPING/ALIGNING PER RG,HG002_23KCWCLT3_4,Soft-clipped bases R1,100937254,0.58
MAPPING/ALIGNING PER RG,HG002_23KCWCLT3_4,Soft-clipped bases R2,177406933,1.03
MAPPING/ALIGNING PER RG,HG002_23KCWCLT3_4,Hard-clipped bases,0,0.00
MAPPING/ALIGNING PER RG,HG002_23KCWCLT3_4,Hard-clipped bases R1,0,0.00
MAPPING/ALIGNING PER RG,HG002_23KCWCLT3_4,Hard-clipped bases R2,0,0.00
MAPPING/ALIGNING PER RG,HG002_23KCWCLT3_4,Mismatched bases R1,62290819,0.36
MAPPING/ALIGNING PER RG,HG002_23KCWCLT3_4,Mismatched bases R2,72468041,0.42
MAPPING/ALIGNING PER RG,HG002_23KCWCLT3_4,Mismatched bases R1 (excl. indels),49805749,0.29
MAPPING/ALIGNING PER RG,HG002_23KCWCLT3_4,Mismatched bases R2 (excl. indels),59146713,0.34
MAPPING/ALIGNING PER RG,HG002_23KCWCLT3_4,Q30 bases,33610436857,94.60
MAPPING/ALIGNING PER RG,HG002_23KCWCLT3_4,Q30 bases R1,16903205051,95.18
MAPPING/ALIGNING PER RG,HG002_23KCWCLT3_4,Q30 bases R2,16707231806,94.02
MAPPING/ALIGNING PER RG,HG002_23KCWCLT3_4,Q30 bases (excl. dups & clipped bases),32026149458
MAPPING/ALIGNING PER RG,HG002_23KCWCLT3_4,Total alignments,235429889
MAPPING/ALIGNING PER RG,HG002_23KCWCLT3_4,Secondary alignments,0
MAPPING/ALIGNING PER RG,HG002_23KCWCLT3_4,Supplementary (chimeric) alignments,1024626
MAPPING/ALIGNING PER RG,HG002_23KCWCLT3_4,Estimated read length,147.61
MAPPING/ALIGNING PER RG,HG002_23KCWCLT3_4,Insert length: mean,292.32
MAPPING/ALIGNING PER RG,HG002_23KCWCLT3_4,Insert length: median,282.00
MAPPING/ALIGNING PER RG,HG002_23KCWCLT3_4,Insert length: standard deviation,108.23
MAPPING/ALIGNING PER RG,HG002_23KCWCLT3_5,Total reads in RG,241281476,100.00
MAPPING/ALIGNING PER RG,HG002_23KCWCLT3_5,Number of duplicate marked reads,11262082,4.67
MAPPING/ALIGNING PER RG,HG002_23KCWCLT3_5,Number of duplicate marked and mate reads removed,NA
MAPPING/ALIGNING PER RG,HG002_23KCWCLT3_5,Number of unique reads (excl. duplicate marked reads),230019394,95.33
MAPPING/ALIGNING PER RG,HG002_23KCWCLT3_5,Reads with mate sequenced,241281476,100.00
MAPPING/ALIGNING PER RG,HG002_23KCWCLT3_5,Reads without mate sequenced,0,0.00
MAPPING/ALIGNING PER RG,HG002_23KCWCLT3_5,QC-failed reads,0,0.00
MAPPING/ALIGNING PER RG,HG002_23KCWCLT3_5,Mapped reads,235006380,97.40
MAPPING/ALIGNING PER RG,HG002_23KCWCLT3_5,Mapped reads adjusted for excluded mapping,235006380,97.40
MAPPING/ALIGNING PER RG,HG002_23KCWCLT3_5,Mapped reads adjusted for filtered mapping,239302742,99.18
MAPPING/ALIGNING PER RG,HG002_23KCWCLT3_5,Mapped reads adjusted for filtered and excluded mapping,239302742,99.18
MAPPING/ALIGNING PER RG,HG002_23KCWCLT3_5,Mapped reads R1,118016808,97.83
MAPPING/ALIGNING PER RG,HG002_23KCWCLT3_5,Mapped reads R2,116989572,96.97
MAPPING/ALIGNING PER RG,HG002_23KCWCLT3_5,Number of unique & mapped reads (excl. duplicate marked reads),223744298,92.73
MAPPING/ALIGNING PER RG,HG002_23KCWCLT3_5,Unmapped reads,6275096,2.60
MAPPING/ALIGNING PER RG,HG002_23KCWCLT3_5,Unmapped reads adjusted for filtered mapping,1978734,0.82
MAPPING/ALIGNING PER RG,HG002_23KCWCLT3_5,Unmapped reads adjusted for excluded mapping,6275096,2.60
MAPPING/ALIGNING PER RG,HG002_23KCWCLT3_5,Unmapped reads adjusted for filtered and excluded mapping,1978734,0.82
MAPPING/ALIGNING PER RG,HG002_23KCWCLT3_5,Adjustment of reads matching non-reference decoys,4296362,1.78
MAPPING/ALIGNING PER RG,HG002_23KCWCLT3_5,Adjustment of reads matching filter contigs,NA
MAPPING/ALIGNING PER RG,HG002_23KCWCLT3_5,Filtered rRNA reads,NA
MAPPING/ALIGNING PER RG,HG002_23KCWCLT3_5,Adjustment of reads matching exclude contigs,NA
MAPPING/ALIGNING PER RG,HG002_23KCWCLT3_5,Mitochondrial reads excluded,NA
MAPPING/ALIGNING PER RG,HG002_23KCWCLT3_5,Singleton reads (itself mapped; mate unmapped),1354294,0.56
MAPPING/ALIGNING PER RG,HG002_23KCWCLT3_5,Paired reads (itself & mate mapped),233652086,96.84
MAPPING/ALIGNING PER RG,HG002_23KCWCLT3_5,Properly paired reads,230571184,95.56
MAPPING/ALIGNING PER RG,HG002_23KCWCLT3_5,Not properly paired reads (discordant),3080902,1.28
MAPPING/ALIGNING PER RG,HG002_23KCWCLT3_5,Paired reads mapped to different chromosomes,2745436,1.18
MAPPING/ALIGNING PER RG,HG002_23KCWCLT3_5,Paired reads mapped to different chromosomes (MAPQ>=10),2106656,0.90
MAPPING/ALIGNING PER RG,HG002_23KCWCLT3_5,Reads mapping to multiple locations,13558354,5.62
MAPPING/ALIGNING PER RG,HG002_23KCWCLT3_5,Reads with MAPQ [40:inf),215528957,89.33
MAPPING/ALIGNING PER RG,HG002_23KCWCLT3_5,Reads with MAPQ [30:40),631848,0.26
MAPPING/ALIGNING PER RG,HG002_23KCWCLT3_5,Reads with MAPQ [20:30),1839920,0.76
MAPPING/ALIGNING PER RG,HG002_23KCWCLT3_5,Reads with MAPQ [10:20),2362810,0.98
MAPPING/ALIGNING PER RG,HG002_23KCWCLT3_5,Reads with MAPQ [ 0:10),14642845,6.07
MAPPING/ALIGNING PER RG,HG002_23KCWCLT3_5,Reads with MAPQ NA (Unmapped reads),6275096,2.60
MAPPING/ALIGNING PER RG,HG002_23KCWCLT3_5,Reads with indel R1,3526198,2.99
MAPPING/ALIGNING PER RG,HG002_23KCWCLT3_5,Reads with indel R2,3787274,3.24
MAPPING/ALIGNING PER RG,HG002_23KCWCLT3_5,Reads with splice junction,NA
MAPPING/ALIGNING PER RG,HG002_23KCWCLT3_5,Total bases,35606612091
MAPPING/ALIGNING PER RG,HG002_23KCWCLT3_5,Total bases R1,17798151733
MAPPING/ALIGNING PER RG,HG002_23KCWCLT3_5,Total bases R2,17808460358
MAPPING/ALIGNING PER RG,HG002_23KCWCLT3_5,Mapped bases,34685754047
MAPPING/ALIGNING PER RG,HG002_23KCWCLT3_5,Mapped bases R1,17418259517
MAPPING/ALIGNING PER RG,HG002_23KCWCLT3_5,Mapped bases R2,17267494530
MAPPING/ALIGNING PER RG,HG002_23KCWCLT3_5,Soft-clipped bases,273627284,0.79
MAPPING/ALIGNING PER RG,HG002_23KCWCLT3_5,Soft-clipped bases R1,101163047,0.58
MAPPING/ALIGNING PER RG,HG002_23KCWCLT3_5,Soft-clipped bases R2,172464237,1.00
MAPPING/ALIGNING PER RG,HG002_23KCWCLT3_5,Hard-clipped bases,0,0.00
MAPPING/ALIGNING PER RG,HG002_23KCWCLT3_5,Hard-clipped bases R1,0,0.00
MAPPING/ALIGNING PER RG,HG002_23KCWCLT3_5,Hard-clipped bases R2,0,0.00
MAPPING/ALIGNING PER RG,HG002_23KCWCLT3_5,Mismatched bases R1,61445773,0.35
MAPPING/ALIGNING PER RG,HG002_23KCWCLT3_5,Mismatched bases R2,69722222,0.40
MAPPING/ALIGNING PER RG,HG002_23KCWCLT3_5,Mismatched bases R1 (excl. indels),48956598,0.28
MAPPING/ALIGNING PER RG,HG002_23KCWCLT3_5,Mismatched bases R2 (excl. indels),56350817,0.33
MAPPING/ALIGNING PER RG,HG002_23KCWCLT3_5,Q30 bases,33732054713,94.74
MAPPING/ALIGNING PER RG,HG002_23KCWCLT3_5,Q30 bases R1,16938033322,95.17
MAPPING/ALIGNING PER RG,HG002_23KCWCLT3_5,Q30 bases R2,16794021391,94.30
MAPPING/ALIGNING PER RG,HG002_23KCWCLT3_5,Q30 bases (excl. dups & clipped bases),32150124751
MAPPING/ALIGNING PER RG,HG002_23KCWCLT3_5,Total alignments,236034422
MAPPING/ALIGNING PER RG,HG002_23KCWCLT3_5,Secondary alignments,0
MAPPING/ALIGNING PER RG,HG002_23KCWCLT3_5,Supplementary (chimeric) alignments,1028042
MAPPING/ALIGNING PER RG,HG002_23KCWCLT3_5,Estimated read length,147.57
MAPPING/ALIGNING PER RG,HG002_23KCWCLT3_5,Insert length: mean,291.48
MAPPING/ALIGNING PER RG,HG002_23KCWCLT3_5,Insert length: median,281.00
MAPPING/ALIGNING PER RG,HG002_23KCWCLT3_5,Insert length: standard deviation,108.27
MAPPING/ALIGNING PER RG,HG002_23KCWCLT3_6,Total reads in RG,244670000,100.00
MAPPING/ALIGNING PER RG,HG002_23KCWCLT3_6,Number of duplicate marked reads,14336615,5.86
MAPPING/ALIGNING PER RG,HG002_23KCWCLT3_6,Number of duplicate marked and mate reads removed,NA
MAPPING/ALIGNING PER RG,HG002_23KCWCLT3_6,Number of unique reads (excl. duplicate marked reads),230333385,94.14
MAPPING/ALIGNING PER RG,HG002_23KCWCLT3_6,Reads with mate sequenced,244670000,100.00
MAPPING/ALIGNING PER RG,HG002_23KCWCLT3_6,Reads without mate sequenced,0,0.00
MAPPING/ALIGNING PER RG,HG002_23KCWCLT3_6,QC-failed reads,0,0.00
MAPPING/ALIGNING PER RG,HG002_23KCWCLT3_6,Mapped reads,238363153,97.42
MAPPING/ALIGNING PER RG,HG002_23KCWCLT3_6,Mapped reads adjusted for excluded mapping,238363153,97.42
MAPPING/ALIGNING PER RG,HG002_23KCWCLT3_6,Mapped reads adjusted for filtered mapping,242719316,99.20
MAPPING/ALIGNING PER RG,HG002_23KCWCLT3_6,Mapped reads adjusted for filtered and excluded mapping,242719316,99.20
MAPPING/ALIGNING PER RG,HG002_23KCWCLT3_6,Mapped reads R1,119707371,97.85
MAPPING/ALIGNING PER RG,HG002_23KCWCLT3_6,Mapped reads R2,118655782,96.99
MAPPING/ALIGNING PER RG,HG002_23KCWCLT3_6,Number of unique & mapped reads (excl. duplicate marked reads),224026538,91.56
MAPPING/ALIGNING PER RG,HG002_23KCWCLT3_6,Unmapped reads,6306847,2.58
MAPPING/ALIGNING PER RG,HG002_23KCWCLT3_6,Unmapped reads adjusted for filtered mapping,1950684,0.80
MAPPING/ALIGNING PER RG,HG002_23KCWCLT3_6,Unmapped reads adjusted for excluded mapping,6306847,2.58
MAPPING/ALIGNING PER RG,HG002_23KCWCLT3_6,Unmapped reads adjusted for filtered and excluded mapping,1950684,0.80
MAPPING/ALIGNING PER RG,HG002_23KCWCLT3_6,Adjustment of reads matching non-reference decoys,4356163,1.78
MAPPING/ALIGNING PER RG,HG002_23KCWCLT3_6,Adjustment of reads matching filter contigs,NA
MAPPING/ALIGNING PER RG,HG002_23KCWCLT3_6,Filtered rRNA reads,NA
MAPPING/ALIGNING PER RG,HG002_23KCWCLT3_6,Adjustment of reads matching exclude contigs,NA
MAPPING/ALIGNING PER RG,HG002_23KCWCLT3_6,Mitochondrial reads excluded,NA
MAPPING/ALIGNING PER RG,HG002_23KCWCLT3_6,Singleton reads (itself mapped; mate unmapped),1370381,0.56
MAPPING/ALIGNING PER RG,HG002_23KCWCLT3_6,Paired reads (itself & mate mapped),236992772,96.86
MAPPING/ALIGNING PER RG,HG002_23KCWCLT3_6,Properly paired reads,233593548,95.47
MAPPING/ALIGNING PER RG,HG002_23KCWCLT3_6,Not properly paired reads (discordant),3399224,1.39
MAPPING/ALIGNING PER RG,HG002_23KCWCLT3_6,Paired reads mapped to different chromosomes,3032640,1.28
MAPPING/ALIGNING PER RG,HG002_23KCWCLT3_6,Paired reads mapped to different chromosomes (MAPQ>=10),2347733,0.99
MAPPING/ALIGNING PER RG,HG002_23KCWCLT3_6,Reads mapping to multiple locations,13761866,5.62
MAPPING/ALIGNING PER RG,HG002_23KCWCLT3_6,Reads with MAPQ [40:inf),218585589,89.34
MAPPING/ALIGNING PER RG,HG002_23KCWCLT3_6,Reads with MAPQ [30:40),636716,0.26
MAPPING/ALIGNING PER RG,HG002_23KCWCLT3_6,Reads with MAPQ [20:30),1855899,0.76
MAPPING/ALIGNING PER RG,HG002_23KCWCLT3_6,Reads with MAPQ [10:20),2410753,0.99
MAPPING/ALIGNING PER RG,HG002_23KCWCLT3_6,Reads with MAPQ [ 0:10),14874196,6.08
MAPPING/ALIGNING PER RG,HG002_23KCWCLT3_6,Reads with MAPQ NA (Unmapped reads),6306847,2.58
MAPPING/ALIGNING PER RG,HG002_23KCWCLT3_6,Reads with indel R1,3586560,3.00
MAPPING/ALIGNING PER RG,HG002_23KCWCLT3_6,Reads with indel R2,3869713,3.26
MAPPING/ALIGNING PER RG,HG002_23KCWCLT3_6,Reads with splice junction,NA
MAPPING/ALIGNING PER RG,HG002_23KCWCLT3_6,Total bases,36140075211
MAPPING/ALIGNING PER RG,HG002_23KCWCLT3_6,Total bases R1,18065103109
MAPPING/ALIGNING PER RG,HG002_23KCWCLT3_6,Total bases R2,18074972102
MAPPING/ALIGNING PER RG,HG002_23KCWCLT3_6,Mapped bases,35213388016
MAPPING/ALIGNING PER RG,HG002_23KCWCLT3_6,Mapped bases R1,17683868322
MAPPING/ALIGNING PER RG,HG002_23KCWCLT3_6,Mapped bases R2,17529519694
MAPPING/ALIGNING PER RG,HG002_23KCWCLT3_6,Soft-clipped bases,279496724,0.79
MAPPING/ALIGNING PER RG,HG002_23KCWCLT3_6,Soft-clipped bases R1,103346235,0.58
MAPPING/ALIGNING PER RG,HG002_23KCWCLT3_6,Soft-clipped bases R2,176150489,1.00
MAPPING/ALIGNING PER RG,HG002_23KCWCLT3_6,Hard-clipped bases,0,0.00
MAPPING/ALIGNING PER RG,HG002_23KCWCLT3_6,Hard-clipped bases R1,0,0.00
MAPPING/ALIGNING PER RG,HG002_23KCWCLT3_6,Hard-clipped bases R2,0,0.00
MAPPING/ALIGNING PER RG,HG002_23KCWCLT3_6,Mismatched bases R1,60734533,0.34
MAPPING/ALIGNING PER RG,HG002_23KCWCLT3_6,Mismatched bases R2,69317616,0.40
MAPPING/ALIGNING PER RG,HG002_23KCWCLT3_6,Mismatched bases R1 (excl. indels),48018188,0.27
MAPPING/ALIGNING PER RG,HG002_23KCWCLT3_6,Mismatched bases R2 (excl. indels),55635771,0.32
MAPPING/ALIGNING PER RG,HG002_23KCWCLT3_6,Q30 bases,34392247477,95.16
MAPPING/ALIGNING PER RG,HG002_23KCWCLT3_6,Q30 bases R1,17283249334,95.67
MAPPING/ALIGNING PER RG,HG002_23KCWCLT3_6,Q30 bases R2,17108998143,94.66
MAPPING/ALIGNING PER RG,HG002_23KCWCLT3_6,Q30 bases (excl. dups & clipped bases),32362316158
MAPPING/ALIGNING PER RG,HG002_23KCWCLT3_6,Total alignments,239417977
MAPPING/ALIGNING PER RG,HG002_23KCWCLT3_6,Secondary alignments,0
MAPPING/ALIGNING PER RG,HG002_23KCWCLT3_6,Supplementary (chimeric) alignments,1054824
MAPPING/ALIGNING PER RG,HG002_23KCWCLT3_6,Estimated read length,147.71
MAPPING/ALIGNING PER RG,HG002_23KCWCLT3_6,Insert length: mean,291.72
MAPPING/ALIGNING PER RG,HG002_23KCWCLT3_6,Insert length: median,282.00
MAPPING/ALIGNING PER RG,HG002_23KCWCLT3_6,Insert length: standard deviation,107.84
MAPPING/ALIGNING PER RG,HG002_23KCWCLT3_7,Total reads in RG,245941202,100.00
MAPPING/ALIGNING PER RG,HG002_23KCWCLT3_7,Number of duplicate marked reads,15970701,6.49
MAPPING/ALIGNING PER RG,HG002_23KCWCLT3_7,Number of duplicate marked and mate reads removed,NA
MAPPING/ALIGNING PER RG,HG002_23KCWCLT3_7,Number of unique reads (excl. duplicate marked reads),229970501,93.51
MAPPING/ALIGNING PER RG,HG002_23KCWCLT3_7,Reads with mate sequenced,245941202,100.00
MAPPING/ALIGNING PER RG,HG002_23KCWCLT3_7,Reads without mate sequenced,0,0.00
MAPPING/ALIGNING PER RG,HG002_23KCWCLT3_7,QC-failed reads,0,0.00
MAPPING/ALIGNING PER RG,HG002_23KCWCLT3_7,Mapped reads,239644204,97.44
MAPPING/ALIGNING PER RG,HG002_23KCWCLT3_7,Mapped reads adjusted for excluded mapping,239644204,97.44
MAPPING/ALIGNING PER RG,HG002_23KCWCLT3_7,Mapped reads adjusted for filtered mapping,244005083,99.21
MAPPING/ALIGNING PER RG,HG002_23KCWCLT3_7,Mapped reads adjusted for filtered and excluded mapping,244005083,99.21
MAPPING/ALIGNING PER RG,HG002_23KCWCLT3_7,Mapped reads R1,120355897,97.87
MAPPING/ALIGNING PER RG,HG002_23KCWCLT3_7,Mapped reads R2,119288307,97.01
MAPPING/ALIGNING PER RG,HG002_23KCWCLT3_7,Number of unique & mapped reads (excl. duplicate marked reads),223673503,90.95
MAPPING/ALIGNING PER RG,HG002_23KCWCLT3_7,Unmapped reads,6296998,2.56
MAPPING/ALIGNING PER RG,HG002_23KCWCLT3_7,Unmapped reads adjusted for filtered mapping,1936119,0.79
MAPPING/ALIGNING PER RG,HG002_23KCWCLT3_7,Unmapped reads adjusted for excluded mapping,6296998,2.56
MAPPING/ALIGNING PER RG,HG002_23KCWCLT3_7,Unmapped reads adjusted for filtered and excluded mapping,1936119,0.79
MAPPING/ALIGNING PER RG,HG002_23KCWCLT3_7,Adjustment of reads matching non-reference decoys,4360879,1.77
MAPPING/ALIGNING PER RG,HG002_23KCWCLT3_7,Adjustment of reads matching filter contigs,NA
MAPPING/ALIGNING PER RG,HG002_23KCWCLT3_7,Filtered rRNA reads,NA
MAPPING/ALIGNING PER RG,HG002_23KCWCLT3_7,Adjustment of reads matching exclude contigs,NA
MAPPING/ALIGNING PER RG,HG002_23KCWCLT3_7,Mitochondrial reads excluded,NA
MAPPING/ALIGNING PER RG,HG002_23KCWCLT3_7,Singleton reads (itself mapped; mate unmapped),1383256,0.56
MAPPING/ALIGNING PER RG,HG002_23KCWCLT3_7,Paired reads (itself & mate mapped),238260948,96.88
MAPPING/ALIGNING PER RG,HG002_23KCWCLT3_7,Properly paired reads,234752000,95.45
MAPPING/ALIGNING PER RG,HG002_23KCWCLT3_7,Not properly paired reads (discordant),3508948,1.43
MAPPING/ALIGNING PER RG,HG002_23KCWCLT3_7,Paired reads mapped to different chromosomes,3133336,1.32
MAPPING/ALIGNING PER RG,HG002_23KCWCLT3_7,Paired reads mapped to different chromosomes (MAPQ>=10),2433085,1.02
MAPPING/ALIGNING PER RG,HG002_23KCWCLT3_7,Reads mapping to multiple locations,13849847,5.63
MAPPING/ALIGNING PER RG,HG002_23KCWCLT3_7,Reads with MAPQ [40:inf),219752157,89.35
MAPPING/ALIGNING PER RG,HG002_23KCWCLT3_7,Reads with MAPQ [30:40),639181,0.26
MAPPING/ALIGNING PER RG,HG002_23KCWCLT3_7,Reads with MAPQ [20:30),1861544,0.76
MAPPING/ALIGNING PER RG,HG002_23KCWCLT3_7,Reads with MAPQ [10:20),2421907,0.98
MAPPING/ALIGNING PER RG,HG002_23KCWCLT3_7,Reads with MAPQ [ 0:10),14969415,6.09
MAPPING/ALIGNING PER RG,HG002_23KCWCLT3_7,Reads with MAPQ NA (Unmapped reads),6296998,2.56
MAPPING/ALIGNING PER RG,HG002_23KCWCLT3_7,Reads with indel R1,3612864,3.00
MAPPING/ALIGNING PER RG,HG002_23KCWCLT3_7,Reads with indel R2,3903344,3.27
MAPPING/ALIGNING PER RG,HG002_23KCWCLT3_7,Reads with splice junction,NA
MAPPING/ALIGNING PER RG,HG002_23KCWCLT3_7,Total bases,36340233440
MAPPING/ALIGNING PER RG,HG002_23KCWCLT3_7,Total bases R1,18165304466
MAPPING/ALIGNING PER RG,HG002_23KCWCLT3_7,Total bases R2,18174928974
MAPPING/ALIGNING PER RG,HG002_23KCWCLT3_7,Mapped bases,35414565590
MAPPING/ALIGNING PER RG,HG002_23KCWCLT3_7,Mapped bases R1,17785702096
MAPPING/ALIGNING PER RG,HG002_23KCWCLT3_7,Mapped bases R2,17628863494
MAPPING/ALIGNING PER RG,HG002_23KCWCLT3_7,Soft-clipped bases,281268902,0.79
MAPPING/ALIGNING PER RG,HG002_23KCWCLT3_7,Soft-clipped bases R1,103807279,0.58
MAPPING/ALIGNING PER RG,HG002_23KCWCLT3_7,Soft-clipped bases R2,177461623,1.01
MAPPING/ALIGNING PER RG,HG002_23KCWCLT3_7,Hard-clipped bases,0,0.00
MAPPING/ALIGNING PER RG,HG002_23KCWCLT3_7,Hard-clipped bases R1,0,0.00
MAPPING/ALIGNING PER RG,HG002_23KCWCLT3_7,Hard-clipped bases R2,0,0.00
MAPPING/ALIGNING PER RG,HG002_23KCWCLT3_7,Mismatched bases R1,60930956,0.34
MAPPING/ALIGNING PER RG,HG002_23KCWCLT3_7,Mismatched bases R2,70297957,0.40
MAPPING/ALIGNING PER RG,HG002_23KCWCLT3_7,Mismatched bases R1 (excl. indels),48153144,0.27
MAPPING/ALIGNING PER RG,HG002_23KCWCLT3_7,Mismatched bases R2 (excl. indels),56507605,0.32
MAPPING/ALIGNING PER RG,HG002_23KCWCLT3_7,Q30 bases,34624801387,95.28
MAPPING/ALIGNING PER RG,HG002_23KCWCLT3_7,Q30 bases R1,17401777738,95.80
MAPPING/ALIGNING PER RG,HG002_23KCWCLT3_7,Q30 bases R2,17223023649,94.76
MAPPING/ALIGNING PER RG,HG002_23KCWCLT3_7,Q30 bases (excl. dups & clipped bases),32358610526
MAPPING/ALIGNING PER RG,HG002_23KCWCLT3_7,Total alignments,240708461
MAPPING/ALIGNING PER RG,HG002_23KCWCLT3_7,Secondary alignments,0
MAPPING/ALIGNING PER RG,HG002_23KCWCLT3_7,Supplementary (chimeric) alignments,1064257
MAPPING/ALIGNING PER RG,HG002_23KCWCLT3_7,Estimated read length,147.76
MAPPING/ALIGNING PER RG,HG002_23KCWCLT3_7,Insert length: mean,293.45
MAPPING/ALIGNING PER RG,HG002_23KCWCLT3_7,Insert length: median,283.00
MAPPING/ALIGNING PER RG,HG002_23KCWCLT3_7,Insert length: standard deviation,108.51
MAPPING/ALIGNING PER RG,HG002_23KCWCLT3_8,Total reads in RG,245837914,100.00
MAPPING/ALIGNING PER RG,HG002_23KCWCLT3_8,Number of duplicate marked reads,16745719,6.81
MAPPING/ALIGNING PER RG,HG002_23KCWCLT3_8,Number of duplicate marked and mate reads removed,NA
MAPPING/ALIGNING PER RG,HG002_23KCWCLT3_8,Number of unique reads (excl. duplicate marked reads),229092195,93.19
MAPPING/ALIGNING PER RG,HG002_23KCWCLT3_8,Reads with mate sequenced,245837914,100.00
MAPPING/ALIGNING PER RG,HG002_23KCWCLT3_8,Reads without mate sequenced,0,0.00
MAPPING/ALIGNING PER RG,HG002_23KCWCLT3_8,QC-failed reads,0,0.00
MAPPING/ALIGNING PER RG,HG002_23KCWCLT3_8,Mapped reads,239525335,97.43
MAPPING/ALIGNING PER RG,HG002_23KCWCLT3_8,Mapped reads adjusted for excluded mapping,239525335,97.43
MAPPING/ALIGNING PER RG,HG002_23KCWCLT3_8,Mapped reads adjusted for filtered mapping,243895634,99.21
MAPPING/ALIGNING PER RG,HG002_23KCWCLT3_8,Mapped reads adjusted for filtered and excluded mapping,243895634,99.21
MAPPING/ALIGNING PER RG,HG002_23KCWCLT3_8,Mapped reads R1,120290786,97.86
MAPPING/ALIGNING PER RG,HG002_23KCWCLT3_8,Mapped reads R2,119234549,97.00
MAPPING/ALIGNING PER RG,HG002_23KCWCLT3_8,Number of unique & mapped reads (excl. duplicate marked reads),222779616,90.62
MAPPING/ALIGNING PER RG,HG002_23KCWCLT3_8,Unmapped reads,6312579,2.57
MAPPING/ALIGNING PER RG,HG002_23KCWCLT3_8,Unmapped reads adjusted for filtered mapping,1942280,0.79
MAPPING/ALIGNING PER RG,HG002_23KCWCLT3_8,Unmapped reads adjusted for excluded mapping,6312579,2.57
MAPPING/ALIGNING PER RG,HG002_23KCWCLT3_8,Unmapped reads adjusted for filtered and excluded mapping,1942280,0.79
MAPPING/ALIGNING PER RG,HG002_23KCWCLT3_8,Adjustment of reads matching non-reference decoys,4370299,1.78
MAPPING/ALIGNING PER RG,HG002_23KCWCLT3_8,Adjustment of reads matching filter contigs,NA
MAPPING/ALIGNING PER RG,HG002_23KCWCLT3_8,Filtered rRNA reads,NA
MAPPING/ALIGNING PER RG,HG002_23KCWCLT3_8,Adjustment of reads matching exclude contigs,NA
MAPPING/ALIGNING PER RG,HG002_23KCWCLT3_8,Mitochondrial reads excluded,NA
MAPPING/ALIGNING PER RG,HG002_23KCWCLT3_8,Singleton reads (itself mapped; mate unmapped),1378351,0.56
MAPPING/ALIGNING PER RG,HG002_23KCWCLT3_8,Paired reads (itself & mate mapped),238146984,96.87
MAPPING/ALIGNING PER RG,HG002_23KCWCLT3_8,Properly paired reads,234545484,95.41
MAPPING/ALIGNING PER RG,HG002_23KCWCLT3_8,Not properly paired reads (discordant),3601500,1.46
MAPPING/ALIGNING PER RG,HG002_23KCWCLT3_8,Paired reads mapped to different chromosomes,3219294,1.35
MAPPING/ALIGNING PER RG,HG002_23KCWCLT3_8,Paired reads mapped to different chromosomes (MAPQ>=10),2505153,1.05
MAPPING/ALIGNING PER RG,HG002_23KCWCLT3_8,Reads mapping to multiple locations,13852917,5.63
MAPPING/ALIGNING PER RG,HG002_23KCWCLT3_8,Reads with MAPQ [40:inf),219618973,89.33
MAPPING/ALIGNING PER RG,HG002_23KCWCLT3_8,Reads with MAPQ [30:40),638496,0.26
MAPPING/ALIGNING PER RG,HG002_23KCWCLT3_8,Reads with MAPQ [20:30),1861706,0.76
MAPPING/ALIGNING PER RG,HG002_23KCWCLT3_8,Reads with MAPQ [10:20),2428945,0.99
MAPPING/ALIGNING PER RG,HG002_23KCWCLT3_8,Reads with MAPQ [ 0:10),14977215,6.09
MAPPING/ALIGNING PER RG,HG002_23KCWCLT3_8,Reads with MAPQ NA (Unmapped reads),6312579,2.57
MAPPING/ALIGNING PER RG,HG002_23KCWCLT3_8,Reads with indel R1,3622055,3.01
MAPPING/ALIGNING PER RG,HG002_23KCWCLT3_8,Reads with indel R2,3918359,3.29
MAPPING/ALIGNING PER RG,HG002_23KCWCLT3_8,Reads with splice junction,NA
MAPPING/ALIGNING PER RG,HG002_23KCWCLT3_8,Total bases,36333238660
MAPPING/ALIGNING PER RG,HG002_23KCWCLT3_8,Total bases R1,18161920688
MAPPING/ALIGNING PER RG,HG002_23KCWCLT3_8,Total bases R2,18171317972
MAPPING/ALIGNING PER RG,HG002_23KCWCLT3_8,Mapped bases,35405035313
MAPPING/ALIGNING PER RG,HG002_23KCWCLT3_8,Mapped bases R1,17780144354
MAPPING/ALIGNING PER RG,HG002_23KCWCLT3_8,Mapped bases R2,17624890959
MAPPING/ALIGNING PER RG,HG002_23KCWCLT3_8,Soft-clipped bases,280530870,0.79
MAPPING/ALIGNING PER RG,HG002_23KCWCLT3_8,Soft-clipped bases R1,103875005,0.58
MAPPING/ALIGNING PER RG,HG002_23KCWCLT3_8,Soft-clipped bases R2,176655865,1.00
MAPPING/ALIGNING PER RG,HG002_23KCWCLT3_8,Hard-clipped bases,0,0.00
MAPPING/ALIGNING PER RG,HG002_23KCWCLT3_8,Hard-clipped bases R1,0,0.00
MAPPING/ALIGNING PER RG,HG002_23KCWCLT3_8,Hard-clipped bases R2,0,0.00
MAPPING/ALIGNING PER RG,HG002_23KCWCLT3_8,Mismatched bases R1,60140617,0.34
MAPPING/ALIGNING PER RG,HG002_23KCWCLT3_8,Mismatched bases R2,69964098,0.40
MAPPING/ALIGNING PER RG,HG002_23KCWCLT3_8,Mismatched bases R1 (excl. indels),47303258,0.27
MAPPING/ALIGNING PER RG,HG002_23KCWCLT3_8,Mismatched bases R2 (excl. indels),56077286,0.32
MAPPING/ALIGNING PER RG,HG002_23KCWCLT3_8,Q30 bases,34671585481,95.43
MAPPING/ALIGNING PER RG,HG002_23KCWCLT3_8,Q30 bases R1,17423910121,95.94
MAPPING/ALIGNING PER RG,HG002_23KCWCLT3_8,Q30 bases R2,17247675360,94.92
MAPPING/ALIGNING PER RG,HG002_23KCWCLT3_8,Q30 bases (excl. dups & clipped bases),32289761397
MAPPING/ALIGNING PER RG,HG002_23KCWCLT3_8,Total alignments,240591940
MAPPING/ALIGNING PER RG,HG002_23KCWCLT3_8,Secondary alignments,0
MAPPING/ALIGNING PER RG,HG002_23KCWCLT3_8,Supplementary (chimeric) alignments,1066605
MAPPING/ALIGNING PER RG,HG002_23KCWCLT3_8,Estimated read length,147.79
MAPPING/ALIGNING PER RG,HG002_23KCWCLT3_8,Insert length: mean,293.92
MAPPING/ALIGNING PER RG,HG002_23KCWCLT3_8,Insert length: median,283.00
MAPPING/ALIGNING PER RG,HG002_23KCWCLT3_8,Insert length: standard deviation,109.20
