Gene,StarAllele,ActivityScore,Function,GRCh37Core,GRCh37Tag,GRCh38Core,GRCh38Tag,SV
CYP2D6,*1,1,Normal Function,"22-42522613-G-C,22-42523943-A-G",N/A,,N/A,False
CYP2D6,*2,1,Normal Function,N/A,N/A,"22-42127941-G-A,22-42126611-C-G",N/A,False
CYP2D6,*3,0,No Function,22-42524243-CT-C,N/A,22-42128241-CT-C,N/A,False
CYP2D6,*4,0,No Function,22-42524947-C-T,N/A,22-42128945-C-T,N/A,False
CYP2D6,*5,0,No Function,N/A,N/A,N/A,N/A,True
CYP2D6,*6,0,No Function,22-42525085-CA-C,N/A,22-42129083-CA-C,N/A,False
CYP2D6,*7,0,No Function,22-42523858-T-G,N/A,22-42127856-T-G,N/A,False
CYP2D6,*8,0,No Function,22-42525035-C-A,N/A,22-42129033-C-A,N/A,False
CYP2D6,*9,0.5,Decreased Function,22-42524175-CCTT-C,N/A,22-42128173-CCTT-C,N/A,False
CYP2D6,*10,0.25,Decreased Function,22-42526694-G-A,N/A,22-42130692-G-A,N/A,False
CYP2D6,*12,0,No Function,22-42526670-C-T,N/A,22-42130668-C-T,N/A,False
CYP2D6,*13,0,No Function,N/A,N/A,N/A,N/A,True
CYP2D6,*14,0.5,Decreased Function,22-42525035-C-T,N/A,22-42129033-C-T,N/A,False
CYP2D6,*15,0,No Function,22-42526656-C-CA,N/A,22-42130654-C-CA,N/A,False
CYP2D6,*17,0.5,Decreased Function,22-42525772-G-A,N/A,22-42129770-G-A,N/A,False
CYP2D6,*21,0,No Function,22-42524213-C-CG,N/A,22-42128211-C-CG,N/A,False
CYP2D6,*29,0.5,Decreased Function,"22-42523610-C-T,22-42525134-C-T",N/A,"22-42127608-C-T,22-42129132-C-T",N/A,False
CYP2D6,*31,0,No Function,22-42522751-C-T,N/A,22-42126749-C-T,N/A,False
CYP2D6,*36,0,No Function,N/A,N/A,N/A,N/A,True
CYP2D6,*40,0,No Function,22-42524929-T-TGGGGCGAAAGGGGCGAAA,N/A,22-42128927-T-TGGGGCGAAAGGGGCGAAA,N/A,False
CYP2D6,*41,0.5,Decreased Function,22-42523805-C-T,N/A,22-42127803-C-T,N/A,False
CYP2D6,*42,0,No Function,22-42523532-G-GCA,N/A,22-42127530-G-GCA,N/A,False
CYP2D6,*49,0.5,Decreased Function,22-42525182-A-T,N/A,22-42129180-A-T,N/A,False
CYP2D6,*56,0,No Function,22-42523592-G-A,N/A,22-42127590-G-A,N/A,False
CYP2D6,*59,0.5,Decreased Function,22-42523854-C-T,N/A,22-42127852-C-T,N/A,False
CYP2D6,*61,N/A,Unknown Function,N/A,N/A,N/A,N/A,True
CYP2D6,*63,N/A,Unknown Function,N/A,N/A,N/A,N/A,True
CYP2D6,*64,N/A,Unknown Function,"22-42526694-G-A,22-42525772-G-A",N/A,"22-42130692-G-A,22-42129770-G-A",N/A,False
CYP2D6,*68,0,No Function,N/A,N/A,N/A,N/A,True
CYP2D6,*69,0,No Function,"22-42526694-G-A,22-42523805-C-T",N/A,"22-42130692-G-A,22-42127803-C-T",N/A,False
CYP2D6,*114,0,No Function,"22-42526694-G-A,22-42525035-C-T",N/A,"22-42130692-G-A,22-42129033-C-T",N/A,False
CYP2D6,*17_*41,1,Normal Function,"22-42525772-G-A,22-42523805-C-T",N/A,"22-42129770-G-A,22-42127803-C-T",N/A,False
CYP2D6,*9_*41,1,Normal Function,"22-42524175-CCTT-C,22-42523805-C-T",N/A,"22-42128173-CCTT-C,22-42127803-C-T",N/A,False
CYP2D6,*9_*17,1,Normal Function,"22-42524175-CCTT-C,22-42525772-G-A",N/A,"22-42128173-CCTT-C,22-42129770-G-A",N/A,False
CYP2D6,*9_*10,1,Normal Function,"22-42524175-CCTT-C,22-42526694-G-A",N/A,"22-42128173-CCTT-C,22-42130692-G-A",N/A,False
CYP2D6,*6_*41,1,Normal Function,"22-42525085-CA-C,22-42523805-C-T",N/A,"22-42129083-CA-C,22-42127803-C-T",N/A,False
CYP2D6,*6_*17,1,Normal Function,"22-42525085-CA-C,22-42525772-G-A",N/A,"22-42129083-CA-C,22-42129770-G-A",N/A,False
CYP2D6,*6_*10,1,Normal Function,"22-42525085-CA-C,22-42526694-G-A",N/A,"22-42129083-CA-C,22-42130692-G-A",N/A,False
CYP2D6,*6_*9,1,Normal Function,"22-42525085-CA-C,22-42524175-CCTT-C",N/A,"22-42129083-CA-C,22-42128173-CCTT-C",N/A,False
CYP2D6,*4_*41,1,Normal Function,"22-42524947-C-T,22-42523805-C-T",N/A,"22-42128945-C-T,22-42127803-C-T",N/A,False
CYP2D6,*4_*17,1,Normal Function,"22-42524947-C-T,22-42525772-G-A",N/A,"22-42128945-C-T,22-42129770-G-A",N/A,False
CYP2D6,*4_*10,1,Normal Function,"22-42524947-C-T,22-42526694-G-A",N/A,"22-42128945-C-T,22-42130692-G-A",N/A,False
CYP2D6,*4_*9,1,Normal Function,"22-42524947-C-T,22-42524175-CCTT-C",N/A,"22-42128945-C-T,22-42128173-CCTT-C",N/A,False
CYP2D6,*4_*6,1,Normal Function,"22-42524947-C-T,22-42525085-CA-C",N/A,"22-42128945-C-T,22-42129083-CA-C",N/A,False
CYP2D6,*3_*41,1,Normal Function,"22-42524243-CT-C,22-42523805-C-T",N/A,"22-42128241-CT-C,22-42127803-C-T",N/A,False
CYP2D6,*3_*17,1,Normal Function,"22-42524243-CT-C,22-42525772-G-A",N/A,"22-42128241-CT-C,22-42129770-G-A",N/A,False
CYP2D6,*3_*10,1,Normal Function,"22-42524243-CT-C,22-42526694-G-A",N/A,"22-42128241-CT-C,22-42130692-G-A",N/A,False
CYP2D6,*3_*9,1,Normal Function,"22-42524243-CT-C,22-42524175-CCTT-C",N/A,"22-42128241-CT-C,22-42128173-CCTT-C",N/A,False
CYP2D6,*3_*6,1,Normal Function,"22-42524243-CT-C,22-42525085-CA-C",N/A,"22-42128241-CT-C,22-42129083-CA-C",N/A,False
CYP2D6,*3_*4,1,Normal Function,"22-42524243-CT-C,22-42524947-C-T",N/A,"22-42128241-CT-C,22-42128945-C-T",N/A,False
CYP2D6,*8_*41,1,Normal Function,"22-42525035-C-A,22-42523805-C-T",N/A,"22-42129033-C-A,22-42127803-C-T",N/A,False
CYP2D6,*8_*17,1,Normal Function,"22-42525035-C-A,22-42525772-G-A",N/A,"22-42129033-C-A,22-42129770-G-A",N/A,False
CYP2D6,*8_*10,1,Normal Function,"22-42525035-C-A,22-42526694-G-A",N/A,"22-42129033-C-A,22-42130692-G-A",N/A,False
CYP2D6,*8_*9,1,Normal Function,"22-42525035-C-A,22-42524175-CCTT-C",N/A,"22-42129033-C-A,22-42128173-CCTT-C",N/A,False
CYP2D6,*8_*6,1,Normal Function,"22-42525035-C-A,22-42525085-CA-C",N/A,"22-42129033-C-A,22-42129083-CA-C",N/A,False
CYP2D6,*8_*4,1,Normal Function,"22-42525035-C-A,22-42524947-C-T",N/A,"22-42129033-C-A,22-42128945-C-T",N/A,False
CYP2D6,*8_*3,1,Normal Function,"22-42525035-C-A,22-42524243-CT-C",N/A,"22-42129033-C-A,22-42128241-CT-C",N/A,False
CYP2D6,*8_*41,1,Normal Function,"22-42525035-C-A,22-42523805-C-T",N/A,"22-42129033-C-A,22-42127803-C-T",N/A,False
CYP2D6,*8_*17,1,Normal Function,"22-42525035-C-A,22-42525772-G-A",N/A,"22-42129033-C-A,22-42129770-G-A",N/A,False
CYP2D6,*14_*41,1,Normal Function,"22-42525035-C-T,22-42523805-C-T",N/A,"22-42129033-C-T,22-42127803-C-T",N/A,False
CYP2D6,*14_*17,1,Normal Function,"22-42525035-C-T,22-42525772-G-A",N/A,"22-42129033-C-T,22-42129770-G-A",N/A,False
CYP2D6,*14_*9,1,Normal Function,"22-42525035-C-T,22-42524175-CCTT-C",N/A,"22-42129033-C-T,22-42128173-CCTT-C",N/A,False
CYP2D6,*14_*6,1,Normal Function,"22-42525035-C-T,22-42525085-CA-C",N/A,"22-42129033-C-T,22-42129083-CA-C",N/A,False
CYP2D6,*14_*4,1,Normal Function,"22-42525035-C-T,22-42524947-C-T",N/A,"22-42129033-C-T,22-42128945-C-T",N/A,False
CYP2D6,*14_*3,1,Normal Function,"22-42525035-C-T,22-42524243-CT-C",N/A,"22-42129033-C-T,22-42128241-CT-C",N/A,False
CYP2B6,*1,N/A,Normal Function,N/A,N/A,N/A,N/A,False
CYP2B6,*4,N/A,Increased Function,19-41515263-A-G,N/A,19-41009358-A-G,N/A,False
CYP2B6,*6,N/A,Decreased Function,"19-41515263-A-G,19-41512841-G-T",N/A,"19-41009358-A-G,19-41006936-G-T",N/A,False
CYP2B6,*9,N/A,Decreased Function,19-41512841-G-T,N/A,19-41006936-G-T,N/A,False
CYP2B6,*18,N/A,No Function,19-41518221-T-C,N/A,19-41012316-T-C,N/A,False
CYP2B6,*18_*9,N/A,Normal Function,"19-41518221-T-C,19-41512841-G-T",N/A,"19-41012316-T-C,19-41006936-G-T",N/A,False
CYP2B6,*4_*18_*9,N/A,Normal Function,"19-41515263-A-G,19-41512841-G-T,19-41518221-T-C",N/A,"19-41009358-A-G,19-41006936-G-T,19-41012316-T-C",N/A,False
CYP2B6,*4_*18,N/A,Normal Function,"19-41515263-A-G,19-41518221-T-C",N/A,"19-41009358-A-G,19-41012316-T-C",N/A,False
DPYD,*1,1,Normal Function,N/A,N/A,N/A,N/A,False
DPYD,1236G>A,0.5,Decreased Function,1-98039419-C-T,N/A,1-97573863-C-T,N/A,False
DPYD,2846A>T,0.5,Decreased Function,1-97547947-T-A,N/A,1-97082391-T-A,N/A,False
DPYD,1236G>A_2846A>T,1,Normal Function,"1-98039419-C-T,1-97547947-T-A",N/A,"1-97573863-C-T,1-97082391-T-A",N/A,False
DPYD,557A>G,0.5,Decreased Function,1-98165030-T-C,N/A,1-97699474-T-C,N/A,False
DPYD,868A>G,0.5,Decreased Function,1-98060705-T-C,N/A,1-97595149-T-C,N/A,False
DPYD,2279C>T,0.5,Decreased Function,1-97770835-G-A,N/A,1-97305279-G-A,N/A,False
DPYD,229_302del,0,No Function,1-98205966-GATGA-G,N/A,1-97740410-GATGA-G,N/A,False
DPYD,*13,0,No Function,1-97981343-A-C,N/A,1-97515787-A-C,N/A,False
DPYD,*13_1236G>A,1,Normal Function,"1-97981343-A-C,1-98039419-C-T",N/A,"1-97515787-A-C,1-97573863-C-T",N/A,False
DPYD,*13_2846A>T,1,Normal Function,"1-97981343-A-C,1-97547947-T-A",N/A,"1-97515787-A-C,1-97082391-T-A",N/A,False
DPYD,*13_1236G>A_2846A>T,1,Normal Function,"1-97981343-A-C,1-98039419-C-T,1-97547947-T-A",N/A,"1-97515787-A-C,1-97573863-C-T,1-97082391-T-A",N/A,False
DPYD,*2A,0,No Function,1-97915614-C-T,N/A,1-97450058-C-T,N/A,False
DPYD,*2A_1236G>A,1,Normal Function,"1-97915614-C-T,1-98039419-C-T",N/A,"1-97450058-C-T,1-97573863-C-T",N/A,False
DPYD,*2A_2846A>T,1,Normal Function,"1-97915614-C-T,1-97547947-T-A",N/A,"1-97450058-C-T,1-97082391-T-A",N/A,False
DPYD,*2A_1236G>A_2846A>T,1,Normal Function,"1-97915614-C-T,1-98039419-C-T,1-97547947-T-A",N/A,"1-97450058-C-T,1-97573863-C-T,1-97082391-T-A",N/A,False
DPYD,*2A_*13,1,Normal Function,"1-97915614-C-T,1-97981343-A-C",N/A,"1-97450058-C-T,1-97515787-A-C",N/A,False
DPYD,*2A_*13_1236G>A,1,Normal Function,"1-97915614-C-T,1-97981343-A-C,1-98039419-C-T",N/A,"1-97450058-C-T,1-97515787-A-C,1-97573863-C-T",N/A,False
DPYD,*2A_*13_2846A>T,1,Normal Function,"1-97915614-C-T,1-97981343-A-C,1-97547947-T-A",N/A,"1-97450058-C-T,1-97515787-A-C,1-97082391-T-A",N/A,False
DPYD,*8,0,No Function,1-98157332-G-A,N/A,1-97691776-G-A,N/A,False
DPYD,1314T>G,0.5,Decreased Function,1-98039341-A-C,N/A,1-97573785-A-C,N/A,False
DPYD,1475C>T,0,No Function,1-98015165-G-A,N/A,1-97549609-G-A,N/A,False
DPYD,1774C>T,0,No Function,1-97915746-G-A,N/A,1-97450190-G-A,N/A,False
DPYD,2639G>T,0,No Function,1-97564172-C-A,N/A,1-97098616-C-A,N/A,False
